id,title,subtitle,description,post_date,type
188,"eTransport në studion e “Mirëmëngjes Shqipëri”, pranë RTSH!",,"Ndiqni intervistën për të mësuar më shumë rreth platformës eTransport, rëndësisë së saj, funksionaliteteve që ofron dhe projekteve të reja që po zhvillohen për të lehtësuar shërbimet për qytetarët dhe turistët. Link: https://youtu.be/-xjWPTeknWo?si=dIyUwwOmmke_0dHr #DPSHTRR #eTransport #MirëmëngjesShqipëri #ShërbimeDigjitale",2026-07-14T10:07:19,Second Blog
187,eTransport në Portin e Sarandës!,,"Fushata informuese e eTransport u zhvillua edhe në Portin e Sarandës, ku qytetarët dhe turistët u njohën me platformën dhe përfitimet që ofrojnë shërbimet e saj digjitale për procedurat e transportit. #DPSHTRR #MIE #eTransport #PortiiSarandes #Digjitalizim #Transport",2026-07-14T10:05:20,Second Blog
186,eTransport në Portin e Vlorës!,,"eTransport në Portin e Vlorës! Gjatë ndalesës në Portin e Vlorës, u zhvillua fushata informuese e eTransport, ku qytetarët dhe vizitorët u njohën me platformën, e cila ofron informacion të plotë mbi linjat, oraret dhe operatorët e transportit ndërqytetës, duke e bërë planifikimin e udhëtimit më të thjeshtë dhe më të shpejtë. eTransport https://www.etrransport.al",2026-07-14T09:59:02,Second Blog
185,e-Transport në Portin e Durrësit,,"e-Transport në Portin e Durrësit Sezoni veror sjell më shumë turistë, më shumë lëvizje dhe më shumë nevojë për informacion të shpejtë mbi transportin publik. Në Portin e Durrësit prezantuam eTransport, platformën që ndihmon qytetarët dhe vizitorët me oraret, linjat dhe informacionin e nevojshëm për të udhëtuar lehtësisht drejt çdo destinacioni në Shqipëri. eTransport https://www.etransport.al",2026-06-25T08:23:34,Second Blog
184,Fushatë informuese e platformës eTransport | Tirana International Airport,,"Fushatë informuese e platformës eTransport | Tirana International Airport Në Tirana International Airport, ku mijëra vizitorë prekin çdo ditë tokën shqiptare, eTransport i orienton drejt destinacionit të tyre të radhës. Oraret, operatorët dhe informacioni i nevojshëm për transportin e udhëtarëve ndërqytetës, tashmë në një platformë të vetme. eTransport https://www.etransport.al",2026-06-25T08:22:23,Second Blog
183,5 Maj | Dita e Dëshmorëve të Atdheut,,"5 Maj | Dita e Dëshmorëve të Atdheut Me nderim dhe mirënjohje, përkujtojmë sakrificën sublime të atyre që dhanë jetën për lirinë, dinjitetin dhe vlerat më të larta kombëtare.",2026-05-06T08:00:23,Second Blog
181,GRAN PREMIO DI BARI | Eventi që bashkon një pasion të përbashkët: BOTËN AUTOMOTIVE.,,"GRAN PREMIO DI BARI | Eventi që bashkon një pasion të përbashkët: BOTËN AUTOMOTIVE. Një traditë që vijon prej vitesh, ku DPSHTRR merr pjesë si e ftuar në këtë ekspozitë unike mjetesh me vlerë historike, duke qenë pjesë e atmosferës dhe shkëmbimeve që e karakterizojnë. Pjesëmarrje që vlejnë më shumë se një prezantim. Janë ura lidhëse mes kulturave, ideve dhe përvojave që mbeten.",2026-05-06T07:57:12,Second Blog
180,GRAN PREMIO DI BARI | Një finale me energji pozitive dhe respekt të ndërsjelltë.,,"GRAN PREMIO DI BARI | Një finale me energji pozitive dhe respekt të ndërsjelltë. Dita përmbyllëse solli shkëmbime mirënjohjeje reciproke ndërmjet DPSHTRR dhe Presidentit të Old Cars Club Bari. Në sallën e Këshillit Bashkiak të Bashkisë Bari, DPSHTRR u vlerësua për bashkëpunimin dhe kontributin në eventet motorsportive, duke thelluar më tej partneritetin në këtë pasion të përbashkët.",2026-05-06T07:54:28,Second Blog
176,"Festë, lojë dhe mësim për sigurinë në rrugë në Ditën e Verës",,"Festë, lojë dhe mësim për sigurinë në rrugë në Ditën e Verës Në kuadër të festimeve të Ditës së Verës, fëmijët mësuan në mënyrë praktike rregullat bazë të sigurisë rrugore përmes lojërave dhe aktiviteteve argëtuese. Aktiviteti u zhvillua në bashkëpunim me Kryqin e Kuq dhe AFPRA, me qëllim ndërgjegjësimin e fëmijëve dhe promovimin e një kulture më të sigurt në rrugë për të gjithë. Një ditë plot buzëqeshje, energji dhe mësime të vlefshme për të ardhmen!",2026-03-19T13:32:27,Second Blog
175,"Më shumë mundësi sot, më shumë suksese nesër!",,"Më shumë mundësi sot, më shumë suksese nesër! Sot, DPSHTRR nënshkroi marrëveshjen e bashkëpunimit me Tirana College of Technology (TCT) për zhvillimin e programit të praktikave studentore. Ky bashkëpunim u ofron studentëve mundësinë të fitojnë eksperiencë profesionale dhe të njihen nga afër me proceset dhe standardet e një institucioni publik. Një hap i rëndësishëm për të afruar botën akademike me praktikën profesionale dhe për të përgatitur profesionistët e së ardhmes.",2026-03-19T13:29:20,Second Blog
172,DPSHTRR në Konferencën Vjetore IAIS 2025 në Tiranë.,,"DPSHTRR në Konferencën Vjetore IAIS 2025 në Tiranë. Enti ynë mori pjesë në një nga ngjarjet më të rëndësishme globale në fushën e mbikëqyrjes dhe stabilitetit financiar të sigurimeve, organizuar nga AMF. Pjesëmarrës nga 160+ vende; Fokus te inovacioni, digjitalizimi dhe bashkëpunimi institucional; Forcim i lidhjes mes sigurisë rrugore, politikave të transportit dhe sistemeve të sigurimit. Në kohën e transformimeve të shpejta, mbetemi të angazhuar në rritjen e transparencës, besueshmërisë dhe sig",2025-11-17T10:05:49,Second Blog
171,Në Gjirokastër- qyteti i gurit dhe trashëgimisë kulturore!,,"Në Gjirokastër- qyteti i gurit dhe trashëgimisë kulturore! Duke takuar vizitorë nga e gjithë bota, patëm mundësinë të prezantojmë përfitimet e platformës e-Transport një mjet praktik dhe modern për një udhëtim më të sigurt, më të shpejtë dhe më komod drejt destinacioneve tuaja. / In Gjirokastër- the Stone City and a UNESCO heritage site! Meeting visitors from all over the world, we had the chance to highlight the benefits of the e-Transport platform, a practical and modern tool for safer, faster",2025-09-15T10:02:56,Second Blog
170,Vizita e radhës e ekipit e-Transport: KRUJË!,,Aty ku historia e pasur shumëvjeçare takohet me përpjekjet për ta ruajtur dhe transmetuar brezave të ardhshëm. Një përvojë që na kujton se tradita dhe teknologjia mund të ecin dorë për dore. / The e-Transport team's next visit: KRUJË! Where centuries-old history meets efforts to preserve and pass it on to future generations. An experience that reminds us that tradition and technology can go hand in hand.,2025-08-27T12:36:15,Second Blog
169,Vijojmë të jemi pranë çdo qytetari për të siguruar informacion në lidhje me transportin rrugor ndërqytetas drejt destinacioneve tuaja të preferuara! ,,Vijojmë të jemi pranë çdo qytetari për të siguruar informacion në lidhje me transportin rrugor ndërqytetas drejt destinacioneve tuaja të preferuara! Klikoni në https://www.etransport.al/ dhe gjeni: Itinerarin tuaj; Oraret e nisjes; Vendodhejen e stacionit; Kontaktet e operatorëve. Shkarkoni aplikacionin në Play Store dhe App Store.Le të bëjmë udhëtimin tuaj më të lehtë dhe më të sigurt bashkë! Ne jemi këtu për të ju ofruar një eksperiencë të re në rrjetin e linjave ndërqytetëse dhe kemi si synim,2025-08-25T09:37:39,Second Blog
168,ETransport në terren.,,"Këtë herë, stafi ynë ishte i pranishëm në zemër të kryeqytetit, në Sheshin Skënderbej! Shqipëria po bëhet gjithnjë e më shumë një destinacion trendi për turistët nga e gjithë bota! Për t’u siguruar që vizitorët (dhe qytetarët vendas), të kenë një eksperiencë sa më të lehtë dhe të këndshme, DPSHTRR ka sjellë platformën eTransport, një zgjidhje digjitale për lëvizjen ndërqytetase “në stilin shqiptar”! Me eTransport mund të gjeni: Itinerarët e linjave ndërqytetase Oraret e nisjes dhe mbërritjes Ven",2025-08-25T09:34:53,Second Blog
167,Fushata informuese e eTransport ndaloi këtë herë në qytetin bregdetar të Vlorës!,,"Fushata informuese e eTransport ndaloi këtë herë në qytetin bregdetar të Vlorës! Në zemër të sezonit turistik, ekipi ynë pati mundësinë të komunikojë nga afër me qytetarë dhe turistë, duke ndarë informacione mbi lehtësirat që së shpejti do të ofrojë platforma dhe mënyrën e përdorimit të saj përmes Web-it zyrtar. Interesimi dhe reagimet pozitive na japin shtysë për ta çuar këtë fushatë edhe më tej – drejt një shërbimi më të thjeshtë, të shpejtë dhe digjital!",2025-08-25T09:33:01,Second Blog
166,Fushata informuese eTransport vijon me ndalesën e radhës në Sarandë,,"Fushata informuese eTransport vijon me ndalesën e radhës në Sarandë, ku ekipi ynë priti vizitorë e turistë në portin e anijeve turistike, duke zhvilluar një tjetër takim të frytshëm me qytetarë dhe pushues! Gjatë këtij takimi ndamë informacione rreth lehtësirave që platforma eTransport do të sjellë së shpejti, si dhe udhëzime praktike për përdorimin e Web-it zyrtar që është aktualisht në funksion. Angazhimi dhe bashkëbisedimi i drejtpërdrejtë na ndihmon të jemi më afër qytetarëve dhe të përcjell",2025-08-25T09:31:00,Second Blog
162,The eTransport at the 3rd Automotive Fair Albania,,"The eTransport promotional stand was a must-visit at the 3rd Edition of the Automotive Fair Albania! Our team from DPSHTRR was on-site, connecting with visitors and sharing all the details about this innovative and much-anticipated platform. From smarter mobility to sustainable transport solutions — the future is here, and it’s digital!",2025-04-11T11:44:18,Second Blog
161,"KULTURË E RE NË DREJTIMIN E MJETIT NË SHQIPËRI, TIMONI NUK U PËRKET MË VETËM MESHKUJVE!",,"KULTURË E RE NË DREJTIMIN E MJETIT NË SHQIPËRI, TIMONI NUK U PËRKET MË VETËM MESHKUJVE! Vitet e fundit vihet re një trend i qendrueshëm i ngushtimit të hendekut ndërmjet drejtuesëve të mjetit femra dhe meshkuj, ku 6-mujori i parë i vitit 2023 theu për herë të herë të parë “mitin”, ku 52% e kualifikimeve për kategorinë B rezultuan të ishin nga Drejtuese Mjeti Femra. Janar - Qershor 2024 numëron 28,274 drejtues mjeti për herë të parë të kategorisë B, ku 47% e totalit rezultojnë femra dhe 53% meshk",2024-07-15T06:37:08,Second Blog
160,"MJETET RETRO NË INAGURIMIN E ""KORRIDORIT BLU""!",,Rrugëtimi në Epokën e Re! Mjetet historike RETRO inagurojnë aksin e ri Thumanë-Kashar! 30 Qershor 2024 ora 18:30.,2024-06-27T11:55:46,Second Blog
159,EVENT RETRO SHKODËR 22 - 23 QERSHOR 2024!,,"Andrra n’Retro vijon në të bukurën Shkodër, në Gjuhadol! Bashkohuni me ne për momente të tjera magjike që do të na kthejnë pas në kohë. Më 22 dhe 23 qershor, Shkodra do të shndërrohet dhe do të na surprizojë përsëri! Mos mungoni!",2024-06-19T07:00:02,Second Blog
158,EVENT RETRO POGRADEC 14-15 QERSHOR 2024!,,"Krahas gjithë atmosferës së mrekullueshme së kësaj çelje sezoni, zhvilluam edhe ndarjen e certifikatave për koleksionistët tanë të jashtëzakonshëm, të cilët janë një mbështetje e vlefshme në çdo event që organizojmë. Këta entuziastë të mrekullueshëm të mjeteve retro kanë sjellë një atmosferë të veçantë dhe kanë pasuruar çdo festë me pasionin e tyre. Falënderojmë secilin prej tyre për përkushtimin dhe dashurinë që sjellin në komunitetin tonë. Pogradeci u bë edhe më i bukur falë jush!",2024-06-19T06:56:01,Second Blog
156,"RETRO ""ZONJA NGA QYTETI""",,"Shijoni magjinë e Pogradecit dhe Liqenit të tij të mrekullueshëm në eventin tonë të ardhshëm ""RETRO""! Përgatituni RETRO ""Zonja nga qyteti"", më 14-15 Qershor 2024 ,në Pogradec. Automjetet klasike do të rikthejnë atmosferën e viteve të arta në bregun e liqenit të mahnitshëm. Ky event i veçantë është një mundësi e shkëlqyer për të parë nga afër disa nga makinat më ikonike të kohës dhe për të përjetuar nostalgjinë e një epoke të shkuar. Gjatë eventit do të keni mundësinë të shijoni një sërë aktivite",2024-06-12T07:10:13,Second Blog
155,EVENTI RETRO “RITORNIAMO A SARANDA”!,,"Eventi RETRO “Ritorniamo a Saranda”! Makinat klasike nga “Veteran Club Valle D’itra” Bari, zbukuruan qytetin tonë bregdetar dhe qëndruan të ekspozuara deri në mesnatë. Atmosfera u bë edhe më e veçantë me performancën e DJ Erta që mbajti të gjithë të pranishmit të argëtuar. Në fund të mbrëmjes u ndanë disa çmime nga përfaqësuesit e Klubit, në shenjë nderimi për pjesëmarrjen. Një natë që do të mbetet në kujtesë për të gjithë! Faleminderit të gjithëve që ishin pjesë e këtij eventi të mrekullueshëm!",2024-06-12T07:08:49,Second Blog
154,3 QERSHOR - DITA NDËRKOMBËTARE E BIÇIKLETËS ,,"3 QERSHOR - Dita Ndërkombëtare e Biçikletës DPSHTRR, edhe pse një ent me veprimtari në fushën e automotorizimit, e ka vërtetuar prej kohësh tanimë përmes fushatave, masave dhe projekteve të ndërmarra që është i fokusuar drejt promovimit të zgjidhjeve të qëndrueshme. Ndaj në ditën ndërkombëtare të biçikletës risjellim në vëmendjen tuaj disa arsye se përse duhet të rrisim përdorimin e saj: E thjeshtë për t'u mësuar dhe i përballueshëm ekonomikisht nga të gjithë; Stimulon frymën e edukimit fizik te",2024-06-04T06:26:25,Second Blog
152,MIRËSEVINI NË SHQIPËRI ME E-TRANSPORT!,,"Mirësevini në Shqipëri! Jemi pranë çdo qytetari për të siguruar informacion në lidhje me transportin rrugor ndërqytetas drejt destinacioneve tuaja të preferuara! Me vetëm një klikim në platformën tonë https://www.etransport.al/, ju mund të gjeni itinerarin tuaj, vendndodhjen e stacionit, oraret e nisjes dhe mbërritjes, si edhe kontaktet e operatorëve! Shkarkoni aplikacionin në Play Store dhe App Store.Le të bëjmë udhëtimin tuaj më të lehtë dhe më të sigurt bashkë! Transporti ndërqytetës është ta",2024-05-24T06:56:18,Second Blog
151,SOUTH OUTDOOR FESTIVAL 23 - 26 MAJ,,"Të Enjten, në South Outdoor Festival do të jetë e pranishme edhe punishtja e Targave Suvenir! Këtë herë, do të krijojmë fjalët dhe emrat tuaj të preferuar duke ricikluar targat e vjetra shqiptare. Do të keni gjithashtu mundësinë të pasuroni librarinë tuaj me Katalogun Retro, tote bags, magnete, gazeta, bluza, varëse çelsash, e produkte të tjera RETRO vetëm në Retro Shop, pranë punishtes së Targave Suvenir! Ju presim në Borsh!",2024-05-24T06:55:17,Second Blog
150,"EVENTI ""KODIKËT E BERATIT"", BERAT 10 - 12 MAJ!",,"Si një gjerdan i çmuar, nën magjinë e “Mangalemit”, mjetet RETRO dhuruan një shfaqje të jashtëzakonshme në PARADËN e tyre dhe kthyen koka të shumtë turistësh dhe qytetarë vendas! Një peisazh fantastik, ku mrekullia e natyrës me Osumin madhështor që degëzon përgjatë qytetit, perfeksioni i dorës njerëzore e mbrojtur nga UNESCO dhe mjetet RETRO që janë asetet më me vlerë për historinë e Automotorizimit Shqiptar e shtuan magjinë e kësaj PARADE! Deri në paradën e rradhës falenderojmë të gjithe Retroi",2024-05-13T12:17:44,Second Blog
149,"EVENTI ""KODIKËT E BERATIT"", BERAT 10 - 12 MAJ!",,"Këtë fundjavë, Punishten e Targave Suvenir e gjeni te Pedonalja e Beratit. Ejani na vizitoni dhe personalizoni një targe unike për veten ose të dashurit tuaj!",2024-05-13T12:16:07,Second Blog
148,"EVENTI ""KODIKËT E BERATIT"", BERAT 10 - 12 MAJ!",,"Qytetit të “Një mbi një dritareve” i kanë shtuar edhe më tepër hijeshinë mjetet historike RETRO, ngjyrat dhe shkëlqimi i të cilave e kanë kthyer vendin në një peisazh piktoresk. Ju mirëpresim për të ndarë së bashku këtë eksperiencë mahnitëse dhe për të zbuluar surprizat e mrekullueshme!",2024-05-13T12:15:02,Second Blog
147,"EVENTI ""KODIKËT E BERATIT"", BERAT 10 - 12 MAJ!",,"Sonte Berati është kthyer në një spektakël të vërtetë dritash, ngjyrash dhe tingujsh, falë projeksioneve fantastike nga Florian Çanga, si dhe muzikës nga Dj. Erta. Bashkohuni me për të përjetuar emocione të paharrueshme me Kodikët e Retros.",2024-05-13T12:12:55,Second Blog
146,"9 MAJ, DITA E EUROPËS!",,"9 Maj, Dita e Europës! Sot, 74 vite nga Deklarata e Schuman mbi krijimin e Europës së Bashkuar, kremtojmë diversitetin dhe vlerat e përbashkëta që bënë bashkë shtetet e Bashkimit Europian! Mbi të njëjtat principe të krijimit të BE, ato të solidaritetit dhe paqes, Shqipëria si vend aspirant dhe Automotorizimi Shqiptar po punojnë me të gjithë strukturat e tyre drejt unifikimit dhe standatizimit me BE!",2024-05-10T06:17:16,Second Blog
145,"GRAN PREMIO DI BARI, NJË SHFAQJE EKSKLUZIVE PËR DASHAMIRËSIT E MJETEVE HISTORIKE, RIKTHEHET SËRISH KËTË VIT ME EDICIONIN E TIJ TË 8-TË.",,"Gran Premio di Bari, një shfaqje ekskluzive për dashamirësit e mjeteve historike, rikthehet sërish këtë vit me edicionin e tij të 8-të. Për ata që shijojnë thrillin e garës dhe bukurinë e mjeteve klasike, ky aktivitet është një mundësi e përsosur për të ndjekur pasionin e tyre. Kështu që, nëse dëshironi të përjetoni një udhëtim emocionues në botën e mjeteve historike, mos nguroni të na bashkoheni. Ftojmë të gjithë komunitetin shqiptar të koleksionistëve për të qenë pjesë e kësaj aventurë të paza",2024-04-26T06:14:48,Second Blog
144,"NJË PASDITE NË MUZEUN ""RON"".",,"Falë dy miqve të çmuar dhe përkrahësëve kryesor të projektit RETRO Albania, Z. Arben Prrenjasi mikut dhe të besuarit të tij Z. Mehdi Halili pata mundësinë për të kaluar një pasdite të këndshme nën një atmosferë ndryshe, që vetëm Muzeu ""RON"" mund ta ofrojë! Të ulur në një kënd të muzeut që inskenon dhomën e pritjes së shtëpiave të dikurshme, shkëmbyem një bisedë me Arbenin dhe Mehdiun mbi pasionin e tyre për koleksionimin e mjeteve Retro, sendeve dhe objekteve me vlerë historike. Muzeu ""RON"" e ci",2024-04-19T07:27:31,Second Blog
143,PRANVERA VJEN MË BUKUR ME RETRO! ,,"Pranvera vjen më bukur me RETRO! Vijojmë festimet për Ditën e Verës në stacionin tonë të radhës, Tiranë, te Sheshi Skënderbej, me muzeun lëvizës të mjeteve historike të Koleksionit Retro dhe Punishten e Targave Suvenir. Festë, muzikë dhe plot supriza të bukura na presin, ndaj mos mungoni! Ps. Mos harroni veroret, simbol i kësaj dite të veçantë, për të pritur ndryshe dallëndyshet këtë vit!",2024-03-13T08:55:42,Second Blog
142,"AUTOMOTORIZIMI SHQIPTAR URON PËR 8 MARSIN, DITËN NDËRKOMBËTARE TË GRUAS",,"Në Ditën Ndërkombëtare të Gruas, Automotorizimi Shqiptar shpreh mirënjohjen dhe respektin për të gjitha gratë, për punën e tyre të palodhur, përkushtimin dhe kontributin në familje, punë dhe komunitet! A e dini se? 116,170 mjete janë në pronësi ose bashkëpronësi të femrave; 299,513 Femra me një Leje drejtimi aktive, 25% më shumë se viti 2021; 523 femra zotërojnë Leje Drejtimi të kategorisë C, C1, D, D1; Qyteti që mban rekordin për femra shofere është Tirana me 209,041 shofere, pasuar nga Durrësi",2024-03-11T08:16:45,Second Blog
141,RETRO N’MIMOZA NË ELBASAN!,,"Retro n’Mimoza në Elbasan! Retro kthehet sërish me një shkëlqim të veçantë për të ngjyrosur qytetin e bukur të Elbasanit dhe për të shënuar fillimin e aventurës verore! Bashkohuni me ne më 10 Mars për një eksperiencë të mrekullueshme, ku do të keni mundësinë të eksploroni nga afër mjetet e Koleksionit Retro, të personalizoni targat tuaja suvenir dhe të përjetoni surpriza të mahnitshme që do t'jua bëjnë këtë ditë të paharrueshme! Ejani të ndajmë së bashku copëza kujtimesh që do të mbeten gjatë në",2024-03-11T08:14:45,Second Blog
140,AUTOMOTORIZIMI SHQIPTAR URON GJITHË MËSUESIT GËZUAR 7-MARSIN!,,"Automotorizimi Shqiptar uron gjithë mësuesit Gëzuar 7-Marsin! Falenderim e mirënjohje gjithë stafit edukativ që përçon dije, përparim e progres. Jeni frymëzim dhe udhërrëfyes për brezat e ardhshëm!",2024-03-08T07:36:48,Second Blog
139,"QË DPSHTRR ËSHTË NJË INSTITUCION PET-FRIENDLY, ËSHTË NJË FAKT TASHMË!",,"Që DPSHTRR është një institucion PET-FRIENDLY, është një fakt tashmë, sepse mikpritja e shoqëruesëve me miqtë e tyre me gëzof ndihet në çdo vizitë të tyren, në çdo ambient shërbimi! E dimë që miqtë tuaj me gëzof janë pjesë e familjes tuaj, ndaj jemi të përkushtuar që çdo vizitë tuajën ta kthejmë në një përvojë miqësore për ju edhe ata, përmes krijimit të hapësirave të përshtatshme dhe një kulturë stafi unike! Ju mirëpresim krahë hapur në çdo Drejtori Rajonale duke kërkuar mirëkuptimin tuaj në pl",2024-02-20T07:37:30,Second Blog
138,GËZUAR DITËN E PAVARËSISË KOSOVË!,,"Gëzuar Ditën e Pavarësisë Kosovë! Sot festojmë për frymën e lirisë dhe qëndresën e popullit të Kosovës, burim frymëzimi për të gjithë ata që besojnë në një të nesërme më të mirë për kombin e tyre! Automotorizimi Shqiptar ju uron suksese dhe prosperitet!",2024-02-20T07:35:54,Second Blog
137,TË JESH UNIK TASHMË ËSHTË E MUNDUR!,,"Të jesh unik tashmë është e mundur! Nuk e ke krijuar ende targën tënde? Bëje fantazinë realitet. Krijo kombinimin tënd duke përzgjedhur pesë deri në shtatë karaktere. Informacione të detajuara mbi këtë shërbim, konfigurime e kombinime i gjeni online në https://xn--www-s003b.targaluksi.dpshtrr.al/ Personalizo, apliko, regjistro!",2024-02-15T07:35:56,Second Blog
136,GËZUAR DITËN E DASHURISË!,,"Për të gjithë ju që në këtë 14 Shkurt doni t'i shtoni disa grimca magjie dhuratës për të dashurin tuaj të zemrës, në Punishten tonë RETRO mund të gjeni atë çka ju mungon! Një instalacion surprizë ju pret aty, ku përveç personalizimit të targës suaj, do të keni mundësi të blini edhe produkte të tjera nga Retro Shop . Ju mirëpresim në Pedonalen e Tiranës!",2024-02-15T07:26:20,Second Blog
135,KËNDI RETRO VIJON TË JETË ATRAKSIONI MË I VEÇANTË NË PEDONALEN E TIRANËS!,,"Këndi Retro vijon të jetë atraksioni më i veçantë në Pedonalen e Tiranës! Jemi vetëm pak orë para “Shën Valentinit” dhe kjo ditë ka nisur me dhjetëra mesazhe dashurie të gdhendura mbi targa suvenir. Timeline-t e vendosura pranë stendës sonë po shkaktojnë një valë kurioziteti te kalimtarët, të cilët duke i lexuar po bëhen pjesë e një udhëtimi nostalgjik në kohë. Çfarë po pret? Bëhu edhe ti pjesë e magjisë RETRO!",2024-02-15T07:24:19,Second Blog
134,MAGJIA RETRO VAZHDON!,,"Në cepat e Tiranës ka edhe kështu, punishte të vogla që mbruajnë dashuri, e dritëza të gjysëm mekura për të hijeshuar fytyra e sy të qeshur! Ju mirëpresim çdo ditë, nga ora 10:00 - 22:00 të bëheni pjesë e magjisë RETRO!",2024-02-13T09:31:11,Second Blog
133,PUNISHTJA JONË LËVIZËSE E TARGAVE SUVENIR KA ZBARKUAR PËR TË SJELLË NJË VALË TË RE ROMANTIZMI NË QYTET PËRGJATË DATAVE 9 - 14 SHKURT!,,Magjia e dashurisë ka pushtuar Pedonalen e Tiranës gjatë kësaj pasditeje të ëmbël! Punishtja jonë lëvizëse e Targave Suvenir ka zbarkuar për të sjellë një valë të re romantizmi në qytet.Targat e personalizuara me emra dhe thënie dashurie do të jenë dhurata perfekte këtë “Shën Valentin”. Mos e humbisni mundësinë për të shprehur dashurinë tuaj në një mënyrë unike! Ejani në pedonale dhe gdhendni dashurinë në një targë që do të mbetet pjesë e kujtimeve tuaja më të ëmbla!,2024-02-13T09:27:52,Second Blog
131,SIGURIA E FËMIJËVE NË RRUGË NË EPISODIN E RRADHËS TË EMISIONIT N'TIMON!,,"Siguria e fëmijëve në rrugë, është prioritet dhe një përgjegjësi e përbashkët e cila kërkon vëmendjen e të gjithëve ne! Prindërit e fëmijëve ndihen të shqetësuar për sigurinë e fëmijëve të tyre në rrugët pranë shkollave. A janë marrë masa për të ndërtuar një mjedis të sigurt për fëmijët? Si po bashkëpunojnë institucionet për të mundësuar sigurinë në rrugë? Këto dhe të tjera i zbuloni në episodin e radhës të emisionit N’Timon vetëm në Top News! https://www.youtube.com/watch?v=DSC0u-vMo6U",2023-12-27T13:01:00,Second Blog
130,"GAZETA RETROSPEKTIVE, NR #2, 22.12.2023, PËR LAJMET DHE INFORMACIONET MBI RETRO.AL",,"Gazeta RETROSPEKTIVE, Nr #2, 22.12.2023, për lajmet dhe informacionet mbi Retro.al Kjo gazetë e dashur, bardhë e zi por tërë shpirt, u realizua thjeshtësisht në shtypshkronjën e entit, kompozuar e faqosur nga DPSHTRR në nderim të Retro Albania dhe në respekt të Koleksionit Shqiptar RETRO, fryt i komunitetit të koleksionistëve dhe të apasionuarve për mjetet historike dhe artefaktet e automobilizmit shqiptar! Në vijim gazeta do të publikohet edhe online në webin: www.retro.al , e shkarkueshme si d",2023-12-27T12:59:51,Second Blog
129,AUTOMOTORIZIMI SHQIPTAR JU URON GËZUAR FESTAT!,,"Automotorizimi Shqiptar ju uron GËZUAR FESTAT! Me frymëzim nga më të mirat që lamë pas, drejt së ardhmes! https://www.youtube.com/shorts/f7E5k60L-vs",2023-12-27T07:41:19,Second Blog
128,AUTOMOTORIZIMI SHQIPTAR JU URON GËZUAR KRISHTLINDJET!,,"Automotorizimi Shqiptar ju uron GËZUAR Krishtlindjet! Me frymëzim nga më të mirat që lamë pas, drejt së ardhmes! www.dpshtrr.gov.al",2023-12-27T07:40:24,Second Blog
127,RETRO CHRISTMAS NË PAZARIN E RI!,,"RETRO Christmas përcolli magjinë e festave të fundvitit ku me dhjetëra mjete të koleksionit shqiptar RETRO u mblodhën te Pazari i Ri nën tingujt e muzikës klasike të Kuartetit të Harqeve - Universiteti i Arteve dhe balerinave gazmore! Nuk kishte si të mungonte punishtja shëtitëse e Targave Suvenir ku fëmijë e të rritur “gdhenden” në targë dedikimet e tyre duke përzgjedhur ngjyrat, karakteret e emoji-t e preferuara! Gjithashtu, edhe RETRO Shop, një mini-pazar i artikujve me motive automotive vint",2023-12-27T07:37:24,Second Blog
126,RETRO CHRISTMAS 2023,,"Nuk ka Krishtlindje pa Retro Christmas! Eventi më i shumëpritur i fundvitit rikthehet sërish, për të ngrohur zemrat dhe për të ndezur shpirtin e festave akoma më shumë! 22 Dhjetor 2023 Pazari i Ri, Tiranë 18:00 Një tjetër event i paharrueshëm për t’ia shtuar magjinë festave, ashtu siç vetëm Retro di të përcjellë! Muzikë, vezullim, sharmi dhe eleganca e mjeteve ikonike, ju mirëpresin të premten më datë 22 Dhjetor, për një natë plot kujtime të bukura! Ftojmë të gjithë koleksionistët të na bashkohe",2023-12-21T11:13:04,Second Blog
125,"DREJTORI I DPSHTRR, Z. BLENDI GONXHJA I FTUAR NË EMISIONIN ""DITA JONË"" MBI RETRO CHRISTMAS!",,"I ftuar sot në studion e A2- CNN TV, Drejtori i DPSHTRR,Z. Blendi Gonxhja për të folur në “Dita jonë” mbi Retro Christmas, mbylljen vintage të vitit me Retro Shop e me Targat Suvenir tek Pazari i Ri, të premten, 22 dhjetor, ora 18:00. Nuk ka Krishtlindje pa Retro Albania! Eventi më i shumëpritur i fundvitit rikthehet sërish, për të ngrohur zemrat dhe për të ndezur shpirtin e festave akoma më shumë. Këtë vit, në zemër të qytetit, do të ofrojmë një pasdite ashtu siç vetëm Retro.al di! Një tjetër e",2023-12-21T10:51:11,Second Blog
124,MIRËMBAJTJA E MAKINËS NË ÇDO KOHË ËSHTË KUSHT THELBËSOR PËR SIGURINË RRUGORE!,,"Mirëmbajtja e makinës në çdo kohë është kusht thelbësor për sigurinë rrugore! Mirëpo, stina e dimrit, për shkak të acarit dhe lagështirës, kërkon një përkushtim më të madh në mjet për të pasur një udhëtim të sigurt dhe të pacënueshëm nga kushtet atmosferike. Gomat, sistemi antifreeze, bateria e makinës, këto dhe shumë detaje të tjera që duhet t’i kemi parasysh, i ndjekim në episodin e radhës N’Timon, vetëm në TOP NEWS! Për më shumë klikoni: https://www.youtube.com/watch?v=SozjAV6-QxU",2023-12-11T08:06:50,Second Blog
123,GËZUAR DITËN KOMBËTARE TË RINISË!,,"Si sot, 33 vjet më parë, studentët u bashkuan në zemër të Tiranës e u kthyen në pishtarë të shpresës, ku zëri i tyre kolektiv kumboi një simfoni ndryshimi. Lëvizja studentore atë mbrëmje dhjetori, nuk ishte thjesht një përmbysje politike; ishte një dëshmi e fuqisë së idealizmit rinor, një forcë e aftë për të shkundur malet dhe për të rishkruar skenarin e fatit të një kombi, të një Shqipërie të Re. Gëzuar Ditën Kombëtare të Rinisë! Ëndërrimtarëve të sotëm, liderve të së nesërmes!",2023-12-11T08:05:15,Second Blog
122,NËNSHKRUHET MARRËVESHJA DYPALËSHE NDËRMJET PROJEKTIT EU4LEA DHE DPSHTRR,,"Në vijim të bashkëpunimit midis DPSHTRR-së dhe projektit EU4LEA, me qëllim forcimin e zbatimit të ligjit në Shqipëri, në përfundim të trajnimit me fokus ""Mjetet motorike të vjedhura ose të manipuluara"", në takimin e zhvilluar në zyrat e DPSHTRR, u nënshkrua Marrëveshja dypalëshe nëpërmjet të cilës projekti EU4LEA, përfaqësuar nga Z. Richard Dullnigg, Zv. Drejtues Ekipi, i dhuroi DPSHTRR-së pajisje lexuese të numrit identifikues dhe gjenerimit të të dhënave të automjeteve. Nëpërmjet këtyre pajisj",2023-12-11T08:00:59,Second Blog
121,DITA NDËRKOMBËTARE E PERSONAVE ME AFTËSI TË KUFIZUAR!,,"Ndajmë një përgjegjësi të përbashkët për të ofruar kushtet dhe ndihmuar këdo që ka nevojë të veçantë në hapësirat e përbashkëta publike! Të gjithë jemi përdorues të barabartë të rrugës, pa asnjë lloj dallimi dhe çdo hap që bëjmë duhet të jetë një hap drejt një shoqërie më të drejtë dhe më solidare! Në Ditën Ndërkombëtare të Personave me Aftësi të Kufizuar, sjellim në vëmendje diversitetin dhe fuqinë e sfidës që këta qytetarë përfaqësojnë në shoqërinë tonë. Sot dhe çdo ditë, ndërgjegjësojmë për k",2023-12-04T12:33:31,Second Blog
120,A E DINI SE RRETH 30% E FATALITETEVE NGA AKSIDENTET RRUGORE SHKAKTOHEN NGA MOSPËRDORIMI I RRIPIT TË SIGURIMIT?!,,"A e dini se rreth 30% e fataliteteve nga aksidentet rrugore shkaktohen nga mospërdorimi i rripit të sigurimit?! Vendosja e rripit të sigurimit është hapi i parë që çdokush duhet të bëjë sapo hipën në automjet! Megjithatë, jo të gjithë e zbatojnë këtë rregull universal jetëshpëtues! Po pse shqiptarët e kanë kaq problem përdorimin e rripit të sigurimit?! Këto dhe shumë të tjera i zbuloni në episodin e radhës të emisionit N’Timon! https://youtu.be/8zzbFNBKSHc?si=5k4gzX-V07OPldXX",2023-12-04T12:32:07,Second Blog
119,THUAJI JO MAKE UP NË TIMON DHE PËRQENDROHU TE DREJTIMI I MJETIT!,,"Thuaji Jo Make Up në timon dhe përqendrohu te drejtimi i mjetit! Mjafton një shpërqendrim i vogël, për të të ndryshuar jetën përgjithmonë vetëm në një fraksion sekondi. Minimizo riskun për t’u përfshirë në aksident, mbro veten, pasagjerët dhe të tretët jashtë kabinës! Gjej kohë për t’u grimuar përpara se të nisesh ose gjej një vend të afërt për të parkuar mjetin! Bukuria e vërtetë?! Ju, me duart në timon, sytë tuaj drejt rrugës që po përshkoni dhe rripi i sigurimit!",2023-12-04T12:31:07,Second Blog
118,MARSHOJMË SË BASHKU KUQ E ZI!,,"Ndërsa pikat e shiut ranë me hijeshi mbi klasikët e përjetshëm, mjetet e koleksionit Retro, nën motivet e atdhedashurisë, u bënë pjesë e Paradës së Shqiptarëve në 111-vjetorin e Pavarësisë, duke rrëfyer historinë e automotorizmit shqiptar ndër vite! Falenderojmë të gjithë koleksionistët që u bënë pjesë e thirrjes për të marshuar së bashku Kuq e Zi! I urojmë të gjithë shqiptarëve kudo që ndodhen GËZUAR DITËN E FLAMURIT! O sa mirë me qenë Shqiptar, ohej!",2023-12-04T12:30:11,Second Blog
117,AUTOMOTORIZIMI SHQIPTAR JU URON GËZUAR DITËN E ÇLIRIMIT!,,Automotorizimi Shqiptar ju uron Gëzuar Ditën e Çlirimit! Lavdi e përjetshme dëshmorëve të atdheut që luftuan për liri!,2023-12-04T12:29:14,Second Blog
116,GËZUAR 111 - VJETORIN E PAVARËSISË!,,AUTOMOTORIZIMI SHQIPTAR ju uron Gëzuar 111 - Vjetorin e Pavarësisë! GËZUAR DITËN E FLAMURIT!,2023-12-04T12:28:14,Second Blog
115,LAJM EMOCIONUES NGA ASAMBLEJA E PËRGJITHSHME E FIVA - FEDERATION INTERNATIONALE DES VEHICULES ANCIENS! ,,"Lajm emocionues nga Asambleja e Përgjithshme e FIVA - Federation Internationale des Vehicules Anciens! Takim i frytshëm mes Retro Albania dhe Z. Patrick Rollet, përfaqësues i Federatës Franceze të Mjeteve Historike dhe kurator konkursesh bukurie, auto-moto. Të entuziazmuar për zyrtarizimin e këtij bashkëpunim të ri, falë respektit për punën e Retro.al, në kuadër të së cilit do të realizohet debutimi për herë të parë i një mjeti të rrallë, pjesë e çmuar e Koleksionit Shqiptar RETRO, në një Concou",2023-12-04T12:26:29,Second Blog
114,DITA E DYTË NË ASAMBLENË E PËRGJITHSHME TË FIVA - FEDERATION INTERNATIONALE DES VEHICULES ANCIENS NË ATHINË,,"Dita e dytë në Asamblenë e Përgjithshme të FIVA - Federation Internationale des Vehicules Anciens në Athinë, Greqi, u shënua nga vendime të rëndësishme! Votimet për rikonfirmimin e disa zyrtarëve të lartë të Federatës dëshmuan vijimësi brenda lëvizjes ndërkombëtare të mjeteve historike, ku spikati zgjedhja e Joss Theuns në pozicionin e Zv. Presidentit të Lartë të FIVA! Falënderime të veçanta për Retro Albania ( www.retro.al ), që u përgëzua sërish për eventet novatore gjatë vitit 2023, me theks ",2023-12-04T12:25:33,Second Blog
113,ASAMBLEJA E PËRGJITHSHME E FIVA - FEDERATION INTERNATIONALE DES VEHICULES ANCIENS,,"Fillon Asambleja e Përgjithshme e FIVA - Federation Internationale des Vehicules Anciens, në Athinë, Greqi, e organizuar nga klubi kombëtar grek i mjeteve historike FILPA. Mes sharmit historik të Athinës, entuziastët e automobilave nga e gjithë bota mblidhen për një takim mendjesh dhe eksperiencash. Një moment i veçantë i ditës është edhe prezantimi i Retro Albania ( www.retro.al ), për ndërthurjen e frymës së mjeteve historike me pasionin për motorsportin dhe risitë e mjetet moderne, siç u dësh",2023-12-04T12:24:27,Second Blog
112,DITA NDËRKOMBËTARE E PËRKUJTIMIT TË VIKTIMAVE NGA AKSIDENTET RRUGORE!,,"Në Ditën Ndërkombëtare të Përkujtimit të Viktimave nga Aksidentet Rrugore, bashkohemi në një reflektim solemn! Ndonëse statistikat tregojnë për progres, ku pavarësisht dyfishimit të kilometrave të kryera në vit, shtimit të numrit të mjeteve në qarkullim, numri i aksidenteve dhe pasojave njeh rënie të ponderuar, NDËRGJEGJËSIMI duhet të jetë në FOKUSIN tonë! Thirrja jonë shkon për të gjithë autoritetet, aktorët e faktorët, përgjegjësit, drejtuesit e mjeteve dhe veçanërisht për të gjithë këmbësorët",2023-11-20T14:05:54,Second Blog
111,EMISIONI I RRADHËN N'TIMON PËRGJATË PANAIRIT AUTOMOTIVE FAIR ALBANIA!,,"Automotive Fair Albania II, kryefjala e javës mbyllëse të tetorit në kryeqytet dhe jo vetëm! Me një mori eventesh për të gjitha grupmoshat, disiplina të ndryshme, ku pasionantët e botës automotive u njohën me teknologjinë moderne të ditëve të sotme, ku nostalgjikët e automotorizmit ndër vite shijuan mjetet me vlera historike që nuk i humbasin kurrë dhe ku adrenalina e përcjellë nga garat dhe eventet e ndryshme motorsportive nuk kishte si të mungonte, edicioni i dytë i këtij panairi i surprizoi t",2023-11-14T08:07:55,Second Blog
110,"DREJTORI I PËRGJITHSHËM I DPSHTRR, Z.BLENDI GONXHJA, NË EMISIONIN TALK SHOW “BILARDO”",,"Drejtori i Përgjithshëm i DPSHTRR, Z. Blendi Gonxhja, në Emisionin talk show “BILARDO”, në MCN TV, mbi kulturën e lëvizjes, sjelljen në rrugë, ndjeshmëri e problematika të jetesës urbane, projekte e ambicie si Automotoparku në Elbasan. Kliko në link për dëgjuar më shumë: https://www.youtube.com/watch?v=mOp4ylI8lmI",2023-11-14T08:06:51,Second Blog
109,"KUPA E KOMBIT, 25-26 NËNTOR 2023",,"Federata Shqiptare e Motoçiklizmit në bashkëpunim e Federatën e Motoçiklizmit të Kosovës organizojnë eventin ""Kupa e Kombit"" 2023! ""Kupa e Kombit"" do të jetë një garë e hapur e cila do të zhvillohet në disiplinën Enduro, ku mund të marrin pjesë të gjithë motoçiklistët me banim në Republikën e Shqipërisë, Republikën e Kosovës dhe nga rajoni. Entry Fee - 10 Euro Agjenda e ngjarjes për të gjithë ju që dëshironi të merrni pjesë: 5 nëntor - Hapja e regjistrimeve 23 nëntor - Ora 23:59, mbyllja e regji",2023-11-06T12:24:37,Second Blog
108,FITUESIT E ÇMIMIT PËR PROJEKTIN MË TË MIRË NOVATOR NË EDICIONIN E DYTË TË AUTOMOTIVE FAIR ALBANIA,,"Fituesit e Çmimit për projektin më të mirë novator ndër gjimnazistët e tjerë ishin: Gjimnazi ""28 Nëntori"", Shkodër dhe UNO Robotix që përfaqëson Institutin ""Harry T. Fultz"" Një falenderim i madh për: Gjimnazi ""Karl Gega"" Gjimnazi ""Beqir Çela"", Durrës ""Shkolla e Mesme Profesionale Kamëz"" Një duartrokitje e madhe për anëtarët tanë të shquar të jurisë, znj. Edona Bilali, znj. Arjeta Puca dhe z. Kushtrim Shala, të cilët luajtën një rol vendimtar në përzgjedhjen e fituesve! Ekspertiza dhe njohuritë e",2023-11-01T09:44:47,Second Blog
107,"FORUMI ""START UP AND INNOVATION, DRIVING THE FUTURE""",,"Një falenderim special për të gjithë folësit tanë vizionarë në forumin ""Start Up and Innovation, Driving the Future"": Znj. Delina Ibrahimaj - Ministre e Shtetit për Sipërmarrjen dhe Klimën e Biznesit Znj. Edona Bilali Znj. Arjeta Puca Z. Kushtrim Shala Z. Peter Kolesar Znj. Eva Simekova Z. Martin Mudrak Znj. Alma Ribanoviq Z. Csaba Barsony Z. Mario Kazazi Falënderime të mëdha shkojnë për të gjithë start-up-et inovative dhe pjesëmarrësit e pasionuar të Universiteteve publike dhe private shqiptare",2023-11-01T09:43:55,Second Blog
106,PARADA E MJETEVE PJESËMARRËSE NË TIRANA GRAND PRIX!,,"Këtë të dielë mjetet pjesëmarrëse në Tirana Grand Prix tërhoqën vëmendjen e të gjithëve në një paradë në Bulevardin kryesor të kryeqytetit. Klasikja u takua me modernen, duke i lënë të gjithë të mahnitur. Një falenderim i madh për Old Cars Club Bari, Ferrari Club Italia, dhe Porsche Club Puglia që e bënë të paharrueshme!",2023-11-01T09:43:09,Second Blog
105,"TAKIM ME PILOTËT E TALENTUAR TË OLD CARS CLUB BARI, FERRARI CLUB ITALIA DHE PORSCHE CLUB PUGLIA",,"Të emocionuar që mirëpritëm pilotët e talentuar të Grand Prix të Tiranës nga: Old Cars Club Bari Ferrari Club Italia Porsche Club Puglia në Automotive Fair Albania II, me praninë e dalluar të përfaqësuesit të Ambasadës së Italisë në Shqipëri, Sekretari i Parë, Z. Stefano Salmaso, Shef Zyre Tregtare dhe koleksionistë shqiptarë nga Komuniteti Retro.al! Faleminderit të gjithëve që e bënë këtë ngjarje të suksesshme! www.automotivefairalbania.al",2023-11-01T09:41:34,Second Blog
104,TIRANA GRAND PRIX,,"Tirana Grand Prix i përfshiu rrugët e Tiranës nën një magji si kurrë më parë! Një falenderim i përzemërt për ekipet e pabesueshme që bënë të mundur këtë ngjarje: Club Cars Old Bari Ferrari Club Italia Porsche Club Puglia Kjo ngjarje historike shënoi për herë të parë Tirana Grand Prix, një moment kyç për entuziastët e automobilave në Shqipëri. Ishte një pjesë integrale e Automotive Fair Albania 2023, një ngjarje që premton të ripërcaktojë peizazhin automobilistik në Shqipëri. www.automotivefairal",2023-11-01T09:40:45,Second Blog
103,KAMPIONËT E FORMULA 1 KIDS,,"Vrapues të vegjël me ëndrra të mëdha! Njihuni me kampionët e Formula 1 Kids në Automotive Fair Albania! Çfarë dite argëtuese, e mbushur me buzëqeshje të pastra! www.automotivefairalbania.al",2023-11-01T09:39:59,Second Blog
102,SUPERMOTO - GARA PËR TË APASIONUARIT E MOTORSPORTIT,,Supermoto ishte një shfaqje epike talenti dhe këmbënguljeje në pistë! Urime për fituesit tanë të merituar të garës Supermoto: Erjus Tufa Aldo Myrteza Denis Kallaku Faleminderit kalorësve të talentuar që sollën aftësitë dhe pasionin e tyre në Supermoto. www.automotivefairalbania.al,2023-11-01T09:38:45,Second Blog
101,"KONFERENCA ""GREEN CITY - SUSTAINABLE AND SAFER URBAN MOBILITY""",,"Çfarë udhëtimi i jashtëzakonshëm ka qenë në konferencën ""Green City - Sustainable and Safer Urban Mobility""! Sesioni i hapjes ishte një sukses i jashtëzakonshëm, falë njohurive të paçmuara të ndara nga Nënkryetari i Bashkisë së Tiranës, Z. Andi Seferi dhe Z. Blendi Gonxhja, Drejtor i Përgjithshëm i Drejtorisë së Përgjithshme të Shërbimeve të Transportit Rrugor. Vizioni i tyre për një të ardhme urbane më të gjelbër dhe më të sigurt është vërtet frymëzues! Një FALEMINDERIT nga zemra për folësit ta",2023-11-01T09:35:51,Second Blog
100,"TIRANA 24 HOURS, CROSS COUNTRY ENDURANCE RALLY RAID",,"Tirana 24 Hours, Cross Country Endurance Rally Raid",2023-11-01T09:34:24,Second Blog
99,FESTIVAL OF SPEED NË EDICIONIN E DYTË TË AUTOMOTIVE FAIR ALBANIA,,"Festival of Speed në Edicionin e Dytë të Automotive Fair Albania, aty ku u ndërthurën adrenalina, shpejtësia, tifozeria dhe muzika e mirë. Një natë për tu kujtuar gjatë!",2023-11-01T09:33:32,Second Blog
98,NATA GALA E EDICIONIT TË DYTË TË AUTOMOTIVE FAIR ALBANIA,,"Nata Gala e Hapjes së edicionit të dytë të Automotive Fair Albania ishte një ngjarje madhështore, e shënuar nga prania e folësve të nderuar që ndanë pikëpamjet dhe këndvështrimet e tyre të thella mbi industrinë e automobilave. Nata Gala e Hapjes ishte një testament i vërtetë i përkushtimit të Shqipërisë për ekselencën e automobilave, e shënuar nga prania e folësve të nderuar si z. Erion Veliaj, Kryetarja e Bashkisë së Tiranës, znj. Delina Brahimaj, Ministrja e Shtetit për Sipërmarrjen dhe Klimën",2023-11-01T09:29:11,Second Blog
97,TAKIM I DPSHTRR ME PËRFAQËSUES GJERMAN TË FUSHËS SË TRANSPORTIT,,"Mirëpritëm me kënaqësi të veçantë Z. Oliver Luksic, Sekretarin Parlamentar të Shtetit dhe Koordinatorin Federal për Logjistikën dhe Transportin e Mallrave në Gjermani, Z. Guido Zielke, Drejtor i Përgjithshëm i Trafikut Rrugor dhe Transportit të Ministrisë Federale Gjermane të Digjitalizimit dhe Transportit, si edhe Z. Sebastian Peter këshilltar i Z. Oliver Luksic. Pas njohjes së konvertimit të patentave me shtetin Gjerman, takohemi sërish me kolegët tanë, për shkëmbimin e eksperiencave mbi përfi",2023-10-24T06:52:55,Second Blog
96,"DPSHTRR NË VIZITËN STUDIMORE NË KRYEQYTETIN E SLLOVAKISË, NË BRATISLAVË.",,"DPSHTRR me ftesë të Transport Community kreu një vizitë studimore në kryeqytetin e Sllovakisë. Vizita konsistoi në takimin me përfaqësuesit e Autoritetit Europian të Punës dhe Inspektoriatit Sllovak të Punës sa i përket aktiviteteve të transportit rrugor dhe kontrolleve në anë të rrugës, me marrjen pjesë në kontrollin në terren të mjeteve mbi 3.5 ton dhe drejtuesve të tyre lidhur me mbikqyrjen e zbatimit të rregullave të kohës së pushimit dhe drejtimit të mjetit prej tyre. Gjatë vizitës, u kriju",2023-10-20T08:07:37,Second Blog
95,SHQIPËRIA PËRZGJIDHET PJESË E PROJEKTIT 3-VJEÇAR TË PËRMIRËSIMIT TË INFRASTRUKTURËS SË KORSIVE TË PEDALIMIT.,,"Me miq të veçantë nga BICI - Nisma e Bloomberg për infrastrukturën e çiklizmit, dhe Simon Batisti nga Qendra Marrëdhënie, heroi i Street for Kids. Tirana zgjidhet një nga dhjetë qytetet e para, pjesë e një projekti 3-vjeçar, që do të sjellë përmirësime në infrastrukturën e korsive të pedalimit, në kryqëzimet kryesore të qytetit, me fokus gjithëpërfshirjen në qarkullim, mobilitetin GREEN dhe nxitjen e pedalimit për të rinjtë dhe familjet me fëmijë. DPSHTRR është jo vetëm një portë e hapur për pro",2023-10-20T08:00:24,Second Blog
94,"NË 110 VJETORIN E POSTËS SHQIPTARE, ZBULOHEN PULLAT POSTARE ME TEMATIKË AUTOMOTIVE.",,"Udha e gjatë dhe e bukur e pullës postare është një pasuri e vyer, e cila simbolizon historinë, traditën dhe zhvillimin e vendit. Në jubileun e 110 vjetorit të Pullës Postare Shqiptare, zbulojmë sot një koleksion të shumëpritur të pullave postare me tematikë automotive. Tashmë pjesë e katalogut të pullave shqiptare, historisë, kulturës dhe trashëgimisë, Pullat Retro të Koleksionit Shqiptar të Mjeteve Historike, të cilat janë emetuar në treg prej datës 05.10.2023 në një bashkëpunim mes DPSHTRR-së",2023-10-13T06:20:06,Second Blog
93,FALEMINDERIT TRANSPORTUESVE RRUGORË TË UDHËTARËVE!,,"FALEMINDERIT për sakrificat tuaja në kushtet e kostove të rritura nga karburanti e inflacioni! FALEMINDERIT edhe shërbimit taksi e turistik të rastit! Pa JU ky sezon i jashtëzakonshëm turistik nuk do të ishte përballuar dot! JU jeni heronjtë e transportit kolektiv, publik, qytetës e ndërqytetës, shërbimit me shofer, që me forcat tuaja ja dilni të investoni, kujdeseni e të garantoni 93% të volumit total të transportit të pasagjerëve brenda vendit! BRAVO për një vit pa ngjarje, pa aksidente me pas",2023-10-10T08:50:41,Second Blog
92,"TETORI ROZË, MUAJI KUSHTUAR NDËRGJEGJËSIMIT DHE SENSIBILIZIMIT MBI KANCERIN E GJIRIT.",,"Tetori Rozë, muaji kushtuar ndërgjegjësimit dhe sensibilizimit mbi Kancerin e Gjirit. Një periudhë e rëndësishme për t'u solidarizuar dhe për të treguar mbështetjen tonë për të gjitha gratë e prekura nga kjo sëmundje dhe për të nxitur për vetëkontrollin dhe diagnostikimin e hershëm. Zbulimi i hershëm është kura më efektive për kancerin e gjirit.",2023-10-03T11:17:10,Second Blog
90,Welcome to Albania! ,,"Gjendemi pranë çdo udhëtari që vjen në Shqipëri, duke u ardhur në ndihmë me informimin mbi transportin rrugor ndërqytetës drejt destinacioneve të tyre. Vetëm me një klikim në platformën www.etransport.al , zbuloni itinerarin, vendndodhjen e stacionit, oraret e nisjes dhe mbërritjes, si edhe kontaktet e operatorëve. Tashmë më lehtë se kurrë, sjellim një eksperiencë të re orientimi mbi rrjetin e linjave ndërqytetëse, duke pararendur biletimin elektronik, në proces implementimi. Nxisim transportin ",2023-08-24T11:04:30,Second Blog
89,GRAMSHI NË GUSHT N'FEST!,,"Gusht e n’Fest pushtohet nga magjia e mjeteve historike, pjesë e koleksionit të Retro Albania! Ngjyra, nostalgji, kulturë e pasion nën ritmet e muzikës dhe nën vezullimin e dritave, ju presin përgjatë gjithë mbrëmjes! Për të mos u humbur!",2023-08-21T13:10:00,Second Blog
88,REVISTA PRESTIGJOZE SLLOVENE “AUTO MOTOR CLASSIC” SHKRUAN PËR SUKSESIN E SIMPOZIUMIT TË PARË NË SHQIPËRI NË BASHKËPUNIM ME FIVA.,,"Të nderuar që Revista Prestigjoze Sllovene “Auto Motor Classic”, në botimin e saj të radhës, i ka dedikuar hapësirë të veçantë koleksionit shqiptar Retro.al për organizimin e Simpoziumit të parë në Shqipëri në bashkëpunim me FIVA - Federation Internationale des Vehicules Anciens, ku u mblodhën përfaqësues nga klube të mjeteve historike nga e gjithë bota, si dhe u ekspozuan mbi 80 mjete të koleksionit shqiptar Retro në Sheshin “Skënderbej”. Përmes një shkrimi të shkurtër mbi suksesin e aktiviteti",2023-07-26T13:27:08,Second Blog
87,EDICIONI I DYTË I CLIMATHON TIRANA 2023 VJEN NË PANAIRIN E AUTOMOTIVE FAIR ALBANIA,,"A jeni gati për edicionin e dytë Climathon Tirana 2023 e cila do zhvillohet përgjatë panairit të Automotive Fair Albania? Ky event global synon të integrojë Tiranën dhe qytetarët e saj drejt një të ardhmeje më të qëndrueshme duke rritur efikasitetin funksional të qytetit, duke frymëzuar të rinjtë përballë sfidave klimatike dhe duke ofruar zgjidhje novatore për një të ardhme të qëndrueshme. Nëse dëshironi të jeni të parët për t’u njoftuar rreth sfidave, çmimeve dhe informacioneve të detajuara nga",2023-07-26T13:23:16,Second Blog
86,"Automotive Fair Albania, edicionii II-të, rikthehet në datat 26-29 Tetor në Tiranë!",,"Automotive Fair Albania, edicioni i II-të i panairit automotiv në Shqipëri, organizohet nga Ministria e Shtetit për Mbrojtjen e Sipërmarrjes në bashkëpunim me Drejtorinë e Përgjithshme të Shërbimeve të Transportit Rrugor dhe Ministrinë e Infrastrukturës dhe Energjisë, me qëllim promovimin e industrisë automotive drejt krijimit të një ekosistemi të shëndetshëm, të zhvilluar e të qëndrueshëm përmes qasjes bashkëpunuese nga qeveria, institucionet e palët e interesuara në arritjen e këtij zhvillimi.",2023-07-17T08:13:02,Second Blog
85,Përjetoni muzikën më të mirë në Festivalin e Porto Palermos këtë verë!,,,2023-07-14T07:38:03,Second Blog
84,MBI 400 VESPA IKONIKE E PLOT STIL NGA SHQIPËRIA E RAJONI U DERDHËN NË RRUGËT E TIRANËS,,"Pushtim Vespash! Mbi 400 Vespa ikonike e plot stil nga Shqipëria e rajoni, u derdhën sot në rrugët e Tiranës, për t’u stacionuar në Sheshin “Skënderbej”, ku festa vijon! Qendra e Kryeqytetit u shndërrua në një pistë ngjyrash dhe dritash, ku Vespat shfaqën elegancën, rrumbullakësitë e ndjesitë që këto motoçikleta romantike përcjellin. Retro Albania - DPSHTRR vijon të mbështesë dhe inkurajojë të gjitha komunitetet e Auto-Moto pasionit në Shqipëri, duke ndihmuar në ndërtimin e një kulture të përdor",2023-07-14T06:42:10,Second Blog
83,Tour Amical i makinave retro vjen në Tiranë,,"Turi i madh i mjeteve klasike nga Belgjika vjen në Tiranë në datat 13-16 Maj. Në publikimin e Retro Albania njoftohet se 265 makina klasike priten të zbarkojnë duke filluar nga data 13 Maj në Sheshin “Italia”, për ta kthyer atë një prej vendtakimeve kryesore të apasionuarve dhe nostalgjikëve të “mjeteve me shpirt”. Nën filozofinë e përjetimit të një udhëtimi të paharrueshëm në timonin e makinës me një atmosferë të këndshme dhe miqësore, Tour Amical zhvillon edicionin e 19-të tijin me destinacion",2023-07-14T06:31:16,Second Blog
82,Travel Fest Albania,,"Edicioni i dytë i Festivalit Ndërkombëtar të Filmit dhe Fotografisë, “Travel Fest Albania“ hap siparin në Tiranë. Për katër ditë radhazi në 5 kinema do të shfaqen filma të përzgjedhur nga shumë vende të botës. Një super festival, i cili do t’i ngjajë një udhëtimi në vende të bukura dhe kultura të ndryshme. Shqipëria mirëpret edhe këtë vit autorë nga gjithë bota! Data: 3 Korrik Vendi: Amfiteatri i Tiranës",2023-07-13T13:27:05,Second Blog
81,"Prezantohet Kalendari Digjital Turistik, Kumbaro: TEA, aplikacioni që do t’ua gëzojë pushimet",,"Ministria e Turizmit dhe Mjedisit, përmes Agjencisë Kombëtare të Turizmit ka prezantuar këtë të premte TEA (Tourism Events of Albania), kalendarin digjital të turizmit, një platformë e mirëorganizuar e programeve turistike, kulturore, dhe artistike që u shërben turistëve të zgjedhin të vizitojnë Shqipërinë. Me pjesëmarrjen e kryeministrit Edi Rama, ky eventi prezantues u mbajt në mjediset e Piramidës së Tiranës, qendra e re e Inovacionit dhe Teknologjisë. Në fjalën e saj, ministrja e Turizmit dh",2023-07-13T13:19:22,Second Blog
80,"STEELWINGS PASION,  ADRENALINË!",,"Nuk ka re dhe as shi që fikin dot zjarrin e pasionit të qindra të apasionuarve pas simfonisë së motorrëve që pushtuan Tiranën! Kryeqyteti dje gumëzhiu, nga gazi e emocionet e papërshkruara që solli klubi i Harleys, një nga komunitetet më cool në! Steelwings MC Albania You amazed us! DPSHTRR ndjehet e privilegjuar që ndihmoi aktivitetin me mbi 200 mjete pjesëmarrëse, nga Shqipëria e rajoni, në një eksperiencë për t’u mbajtur mend gjatë!",2023-07-13T13:03:46,Second Blog
79,Soft Sculptures,,"“Soft Sculptures” është takim me art dashësit dhe përmbledhje e rrugëtimit artistik dhe profesional të studentëve dhe pedagogëve të atelierit Tekstil/Modë të Fakultetit të Arteve të Bukura në Universitetin e Arteve. Një prezantim i veprave jashtë mureve të shkollës, ku procesi i lidhjes së veprave me hapësirën e re, me artistë e profesionistë të fushës dhe më gjerë, është sfida e fundvitit të këtij programi. Ekpozita ndahet pa kufij në dy hapësira, brenda dhe jashtë mureve, ku veprat janë në med",2023-07-13T12:51:36,Second Blog
78,SIMPOZIUM “PARTNERITETI DHE BASHKËPUNIMI ME QEVERINË DHE INSTITUCIONET E TJERA”,,"Një takim i shumëpritur nga komuniteti Retro Albania, DPSHTRR dhe FIVA, për të mbledhur bashkë të apasionuarit e mjeteve me vlerë historike dhe të gjithë palët e interesuara. Një takim i cili do të shënojë fillimin e takimeve të tilla të ngjashme në dobi të zhvillimit dhe mbijetesës së mjeteve historike. Krenari për Retro Albania dhe DPSHTRR, ky organizim i suksesshëm në bashkëpunim me FIVA – Fédération Internationale des Véhicules Anciens në Tiranë, pak muaj pas anëtarësimit zyrtar të Retro.al ",2023-07-13T12:29:26,Second Blog
77,Saranda Ti Amo,,"Saranda, qyteti i boungavilleve dhe i ujërave Blu Kristal mirëprët prej datës 15 qershor 35 ekuipazhet e Old Car Club – Bari (ASI), në edicionin e tyre të 14 të turit të Mesdheut që sëbashku e modeluam me ardhjen nga Durrësi e vijimin në Sarandë, Ksamil, Butrint e Syri i Kaltër. Një fundjavë e mbushur me aktivitete dhe destinacione atraktive, ku mjetet Retro përshkruan rrugën piktoreske të Llogarasë për të mbërritur drejt stacionit të tyre final në Sarandë. Qyteti Antik i Butrintit rrënojat e të",2023-07-13T12:02:53,Second Blog
76,RALLY ALBANIA 2022,,"Rally Albania, një nga eventet më të rëndësishme motorsportive në Shqipëri. 330 garues nga 26 shtete që përshkuan 1,900 kilometra në vijën Durrës-Dragobi-Pogradec-Berat-Tiranë! Një eksperiencë unike e cila i dedikohet më guximtarëve dhe më pasionantëve të adrenalinës.",2023-07-13T11:36:27,Second Blog
75,"Projekti ‘Made in Albania’  13 korrik, Rruga Dibrës, Tiranë",,Projekti ‘Made in Albania’ ka si qëllim ekspozimin e një koleksioni të pasur me prodhime të markës Made in Albania që nga viti 1920 e deri më sot me synimin ruajtjen dhe promovimin e trashëgimisë kulturore dhe materiale dhe ngritjen e një poli me interes turistik në Tiranë. Kjo ekspozitë do të mbahet në katër dhoma të Vilës me Yll në Rrugën e Dibrës. Objektet që do të ekspozohen do të jenë të ndara sipas periudhave historike: 1.Nga Pavarësia deri në fund të Luftës II Botërore; 2.Tranzicioni përm,2023-07-13T11:29:39,Second Blog
74,KËNAQËSI TË ISHIM PJESË E PANAIRIT TË PUNËS ORGANIZUAR NGA FAKULTETI POLITEKNIK I TIRANËS.,,"Kënaqësi të ishim pjesë e Panairit të Punës organizuar nga Fakulteti Politeknik i Tiranës, ku dhjetëra student shfaqën interesin dhe dëshirën e tyre për të qenë pjesë e strukturave tona! Bukur të marrësh energji pozitive nga një brez dinamik, i kualifikuar me dëshirën për të përcjellë dedikimin e tyre drejt institucioneve si Drejtoria e Përgjithshme e Shërbimeve të Transportit Rrugor që karakterizohen nga të njëjtat vlera! Për të gjithë studentët që nuk arritën të na takonin sot, ju bëjmë me dij",2023-07-13T11:19:52,Second Blog
73,Open Air Tirana ,,"Zhytuni drejt botës së mrekullueshme të kinematografisë në Open Air Tirana. Bëjini të paharrueshme netët e verës në freskinë e natyrës së liqenit dhe të qeshurave me shoqerinë. Java e dhjetë nis me një prodhim sensual dhe mjaft interesant Magic Mike (2023). Dy protagonistët kryesorë Salma Hayek dhe Channing Tatum do ju mbajnë mbërthyer pas ekranit. E Hënë, 10 Korrik 2023 – “Magic Mike” (2023) ⁣ E Martë, 11 Korrik 2023 – ” “The Bad Guys” (2012) [dublim shqip] E mërkurë, 12 Korrik 2023 – “The Vow”",2023-07-13T10:56:19,Second Blog
72,Maratona e Tiranës,,"Maratona e Tiranës, gara më unike në qytet, që i bashkon të gjithë. Vendi: Sheshi Skënderbej Data: 22 Tetor 2023.",2023-07-13T10:50:57,Second Blog
71,KOMISIONI RETRO,,"Projekti RETRO i Drejtorisë së Përgjithshme të Shërbimeve të Transportit Rrugor çdo javë zyrtarizon statusin historik për mjete të cilat pak vite më parë do ta kishin të pa përballueshëm qarkullimin në Shqipëri dhe të pamundur importimin e targimin! Komisioni RETRO vijon verifikimet për mjetet që aplikojnë në www.retro.al , për të pasuruar koleksionin shqiptar me mjete të veçanta e plot histori! Mjetet e radhës që u paraqitën për status dhe targim Retro ishin: - 1984 Cadillac Eldorado Convertibl",2023-07-13T10:42:47,Second Blog
70,Illyrius Motorsport vjen përsëri me ROTI (Race of the Illyrians)!,,"Në këtë garë të kategorisë ""slalom' ku mbi 40 pjesëmarrës do të përpiqen të realizojnë kohën më të mire rreth pistës së improvizuar në Sheshin ""Nënë Tereza"" në Tiranë, në sytë e qindra shikuesve. E Dielë, 26 Mars do të jetë dita e autosportit në kryeqytet, me një event të zhvilluar në kushte të plota sigurie, duke ndezur shpirtrat e të gjithë dashamirësve por edhe kalimtarëve të rastit. Patjetër që nuk do të mungojnë as surprizat! Shihemi të dielën!",2023-07-13T10:21:31,Second Blog
69,Veshje popullore të Pakicës Kombëtare Maqedonase në Republikën e Shqipërisë,,"Shoqata Maqedonase ""Ilinden""-Tiranë fton të gjithë dashamirësit e foklorit maqedonas në Republikën e Shqipërisë në promovimin e albumit fotografik me “Veshje popullore të Pakicës Kombëtare Maqedonase në Republikën e Shqipërisë” më 14 korrik 2023, ora 18:00 - 19:00 tek ""Reja"" (përballë Galerisë Kombëtare) – Tiranë, me mbështetjen e Komitetit për Pakicat Kombëtare. Vendi: ""Reja"" Data: 14 korrik Ora 18:00 - 19:00",2023-07-13T10:10:13,Second Blog
68,10 vite HEMINGWAY JAZZ FEST!  ,,"10 vite HEMINGWAY JAZZ FEST! Eliades Ochoa dhe 46 artistë nga mbarë bota ju mirëpresin në 3 netë te Korpusi Universitar, për të festuar këtë dekadë plot ritëm. Shëno datat 19, 20, 21 korrik.",2023-07-13T09:59:16,Second Blog
67,"Në datat 12, 13, 15 korrik vjen në Tiranë festivali “Gjon Mili, Jazz & Blues”.",,"Në datat 12, 13, 15 korrik vjen në Tiranë festivali “Gjon Mili, Jazz &amp; Blues”. Shfaqjet më 12 dhe 13 do të zhvillohen tek Instalacioni “Reja” në kryeqytet dhe do të jenë të hapura për publikun, ndërsa më 15 korrik në Korçë. “Gjon Mili Jazz &amp; Blues Festival” synon promovimin e figures së Gjon Milit, si e vetmja urë lidhëse që kombi shqiptar ka me muzikën Jazz në periudhën e saj më të artë, duke e bërë pjesë të Trashëgimisë Kulturore dhe Artistike të Shqipërisë. Zhvillimi i festivalit ka p",2023-07-13T09:36:59,Second Blog
66,ANKANDI I PARË I TARGAVE TË PERSONALIZUARA!,,"Çekiçi goditi tryezën në orën 15:00, në kapanonin tonë në Fushë-Prezë duke nisur kështu Ankandin e parë të Targave të Personalizuara! Një atmosferë tërësisht automotive mirëpriti shërbimin tonë më të ri, risinë e Ankandit, për një standard krejt të lartë transparence në blerjen e kombinimit të preferuar, duke nisur ndërtimin e një kulture të ndershme tregëtimi, përkundër sjelljeve të së shkuarës së nënbanakut e rryshfetit! Tabu që thyhen në vendin ku mjetet rrugore private qenë herezi deri në 19",2023-07-13T09:14:16,Second Blog
64,Festojmë 30 vite të Shërbimit të Kontrollit Teknik!,,"Data 12 Prill, shënon plot 30 vite të shërbimit të Kontrollit Teknik për mjetet që janë pjesë e qarkullimit rrugor të Republikës së Shqipërisë. Mbështetur në historikun e evoluimit të këtij sektori me të gjithë dinamikat që e kanë karakterizuar atë, duke u ofruar herë nga shteti e herë nga konçesionarët, jemi krenarë që ky shërbim iu besua sërisht Drejtorisë së Përgjithshme të Shërbimeve të Transportit Rrugor për t’i rikthyer dinjitetin e munguar. 31 Dhjetori i vitit 2020, shënjoi kapitullimin e",2023-07-13T07:45:03,Second Blog
61,AGROTECH EXPO 2023,,"Bujqësi – Blegtori – Kopshtari Tashmë i njohur ndërkombëtarisht si eventi më i rëndësishëm në Shqipëri për sektorin, Edicioni i 4-rt i Panairit Ndërkombëtar të Bujqësisë, Blegtorisë dhe Kopshtarisë AGROTECH EXPO, i organizuar nga Expocity Albania, do të zhvillohet në datat 11-13 tetor, 2023.",2023-03-28T14:36:26,Second Blog
60,Tirana Tech Open 2023,,"Një event 3-ditor kombëtar dhe ndërkombëtar, që sjell së bashku sipërmarrës, investitorë, institucione, biznese inovative, mediat dhe të gjithë të apasionuarit e teknologjisë. Ai synon të bashkojë pjesëmarrësit dhe palët e interesuara për të eksploruar mundësitë e biznesit, për të modeluar sëbashku të ardhmen dhe për t’ju përgjigjur sfidave më të ngutshme teknologjike.",2023-03-28T14:33:43,Second Blog
59,Expo Turizëm Panair ndërkombëtar,,"Shqipëria, Destinacion për 365 ditë Industria e turizmit zë një vend të veçantë në ekonomi dhe është konsideruar nga qeveria si një nga motorët kryesorë në rritjen e vendit. Edicioni i 5-të i Panairit Ndërkombëtar të Turizmit synon të promovojë Shqipërinë si një destinacion për 365 ditët e vitit, duke u fokusuar këtë herë në turizmin turistik, atë të konferencave dhe eventeve të korporatave nga e gjithë bota, turizmin dixhital dhe turizmin mjekësor, i cili po zhvillohet gjithmonë e më tepër në v",2023-03-28T14:32:07,Second Blog
58,Energy Expo & Forum 2023,,"Në datat 29-31 Mars 2023, Expocity Albania organizon Edicionin e 5-të të Panairit dhe Forumit Ndërkombëtar të Energjisë. “Mundësi në vorbullën e krizës”: Energy Expo &amp; Forum 2023 do të trajtojë situatën aktuale të sektorit të energjisë, krizën në të cilën ndodhet sot bota, ndaj të cilës nuk është imune as Shqipëria.",2023-03-28T14:30:48,Second Blog
57,Boris Brejcha,,"BORIS BREJCHA IN TIRANA - 8 APRIL 2023 We're delighted to present the first-ever show in Albania of world-famous electronic music DJ – Boris Brejcha Sheshi Italia Tirana , Albania Apr. 8th , 2023 6:00 PM",2023-03-28T14:28:57,Second Blog
56,South Outdoor Festival 2023,,"South Outdoor Festival is back at it again for the 5th time! Sports, games, music, local fairs, traditional culinary and many more surprises are coming for 5 days in a row in Albania’s amazing southern riviera. Participants not only from the country, but from the whole world gather for this event and share a magical experience of unique nature, food, culture and tradition . Borsh, Albania",2023-03-28T14:24:51,Second Blog
55,WMF International Roadshow Albania 2023,,WMF International Roadshow Albania 2023: Një mundësi e shkëlqyeshme për startup-et shqiptare që të bëhen globale. DITA / ORA (E mërkurë) 10:00 - 17:30 VENDI The Plaza Tirana Rruga 28 Nëntori,2023-03-28T14:19:20,Second Blog
54,TRN 14 Mars,,"1 ditë festë, 10 vende, 100 aktivitete me muzikë, art, lojëra dhe argëtim. DITA / ORA Gjatë gjithë ditës (E martë) VENDI Bashkia Tiranë",2023-03-28T14:18:27,Second Blog
53,Street Party 14 Mars 2023,,Street Party i ditës së verës është kthyer tashmë në sinonimin e kulturës urbane të Tiranës. Është festa e cila çdo vit hap siparin e organizimeve të mëdha në kryeqytet dhe që prej gati një dekade ka shërbyer si pulsi i tendencave në muzikë. DITA / ORA (E martë) 09:00 VENDI Rruga Ibrahim Rrugova,2023-03-28T14:17:15,Second Blog
52,Reduce-Reuse-Rethink,,"Ulrike Koeb paraqet një pikë takimi unike në lidhjen midis artit dhe ndërgjegjësimit mjedisor. R e d u c e – r e u s e – r e t h i n k është një kompozim i veprash, të cilat tregojnë mbetje, sende të përditshme dhe ushqime të renditura në mënyrë estetike dhe harmonike. Hapja e ekspozitës do të bëhet me 2 Mars ora 18:00 dhe do të zgjasë deri më 20 Mars. DITA / ORA (E enjte) 18:00 VENDI Destil Creative Hub",2023-03-28T14:15:44,Second Blog
51,"ME NE, JO PER NE",,"Ndeshje basketbolli, në kuadër të 21 Marsit, Ditës Botërore të Sindromës Down! Bli biletën tënde dhe ndaj emocionet e një ndeshje basktebolli. Dhurata më e mirë në ditën tonë është të jesh tifozeria jonë. Fondet e ngritura gjatë ndeshjes do të mundësojnë orë terapie falas për fëmijët me Sindromën Down në Shqipëri. DITA / ORA (E martë) 18:00 - 20:00 VENDI Parku Olimpik ""Feti Borova""",2023-03-28T14:14:33,Second Blog
50,Konferenca e sportit per gjitheperfshirje,,Së bashku punojmë të çelim punimet për Vitin e Sportit Gjithëpërfshirës në kuadër të titullit “Tirana Qyteti Evropian i Sportit 2023”. Kjo veprimtari organizohet me mbështetjen e Bashkisë Tiranë. DITA / ORA (E shtunë) 08:30 - 17:30 VENDI Tirana International Hotel &amp; Conference Centre Sheshi Skenderbej Tirana 1000,2023-03-28T14:13:30,Second Blog
