id,name,description
44,Berat,"Berat is a city in the center of Albania, located east of the Osum River. The city has a rich history and an important cultural heritage. Some of Berat's main attractions include: The Old Town of Berat (Mangalem and Castle): The old part of the town is a heritage listed by UNESCO. The castle is a fortified city that has existed since the time of the Illyrians. Mangalem is one of the oldest and most beautiful neighborhoods built with cobblestone streets and traditional stone houses. Church of Sai"
48,Golem,"Golem is a coastal area located in western Albania, near the city of Durrës. It is known for its sandy beaches, clear waters, and vibrant tourist atmosphere. Golem is a popular destination for both local and international visitors, especially during the summer months. The area features a range of hotels, resorts, restaurants, and cafes catering to tourists, making it a convenient and comfortable destination for beach vacations. Golem's beaches are well-equipped with facilities for sunbathing, sw"
18,Gjirokastër,"Gjirokastra is a city located in the south of Albania, specifically in the Gjirokastra District. It is located in a picturesque mountainous region, about 60 kilometers east of the city of Saranda. Gjirokastra is known for its well-preserved Ottoman-era architecture, historical sites and cultural heritage. The city has a rich history, dating back to ancient times when it was known as Argyrokastro. It flourished during the Ottoman period, becoming an important administrative and commercial center "
39,Shkodër,"Shkodra, is a city located in northwestern Albania, near the border with Montenegro. It is the capital of the Shkodër County and one of the oldest and most historically significant cities in Albania. Shkodër is known for its rich history, cultural heritage, and scenic beauty. The city is situated on the shores of Lake Shkodra, the largest lake in the Balkans, and is surrounded by mountains. The stunning natural landscapes around Shkodër offer opportunities for outdoor activities such as hiking, "
4,Tiranë,"Tirana is the capital and largest city of Albania, located in the central-western part of the country. It serves as the country's political, economic, and cultural center. Tirana has a rich history dating back to ancient times, but it has undergone significant urban development and transformation in recent decades. The city is known for its colorful buildings, bustling markets, vibrant street life, and diverse cultural scene. Additionally, Tirana is home to several landmarks and attractions, inc"
9,Krujë,"Krujë is a historic city located in central Albania, specifically in the Durrës County. It is situated on a rocky hillside in the Skanderbeg Mountains, approximately 32 kilometers northwest of the capital city, Tirana. Krujë is one of the most important cultural and historical centers in Albania, known for its rich history, medieval architecture, and significance in Albanian nationalism. The city is best known for its association with Skanderbeg, the national hero of Albania who led a rebellion "
16,Elbasan,"Elbasan is a city located in central Albania, specifically in the District of Elbasan. It is located on the river Shkumbin, surrounded by mountains and hills. Elbasan is one of the largest cities in Albania and serves as an important economic, cultural and educational center in the country. The city has a rich history, dating back to ancient times when it was known as Scampa and where one of the important roads of the Roman empire, the ""Egnatia"" Road, passes. Throughout its history, Elbasan has "
6,Durrës,"Durresi, also known as Durrës, is a port city located on the central coast of Albania, approximately 33 kilometers west of Tirana. It is the second-largest city in Albania and serves as an important economic and cultural center. Durresi has a long history, dating back to ancient times when it was founded in the 7th century BC. Throughout its history, Durresi has been influenced by various civilizations, including the Romans, Byzantines, Venetians, and Ottomans. Today, Durresi is known for its hi"
23,Korçë,"Korçë is a city located in southeastern Albania, specifically in the Korçë County. It is situated on a plateau at the foot of the Morava Mountains, near the border with Greece and North Macedonia. Korçë is one of the largest cities in Albania and serves as an important cultural, economic, and educational center in the region. The city has a rich history, dating back to ancient times when it was known as Korytsa. Throughout its history, Korçë has been influenced by various civilizations, includin"
72,Divjakë,"Divjaka is a coastal and lagoon area in Albania, known for its rich biodiversity and for its important natural role. The most attractive points that you can visit in Divjaka are: Divjakë-Karavasta National Park. This Park, has a rich ecosystem with rivers, lagoons, beaches, and green areas. One of the most important features of this park is the Karavasta Lagoon, an important home for many wild and rare birds. Divjaka has a beautiful beach, where the seashore meets the lagoon. This beach is a sui"
7,Sarandë,"Saranda është qytet në Shqipërinë jugore i vendosur ne bregun e detit Jon. Është e vendosur në një reliev te pjerrët, që zbret në Gjirin e detit Jon. Saranda është një qytet bregdetar në Shqipëri ndër më të frekuentuarit gjatë verës dhe konsiderohet si kryeqyteti i verës. Saranda është një qytet me më shumë se 2000 vjet histori, ngritur në zonën e bregdetit jugor të Shqipërisë, i pasur në vlera të rralla të trashëgimisë kulturore dhe arkeologjike shqiptare, por edhe evropiane. Në fillimet e tij,"
36,Pogradec,"Pogradec is a city located in the southeast of Albania, near Lake Pogradec. This area has a special natural beauty and a rich history. Lake Pogradec is one of the largest lakes in Albania and offers wonderful views. Its coast is often frequented by residents and tourists who wish to enjoy the clear water and peaceful nature. The coastal area of Lake Pogradec has a beautiful beach with sand and clear water. It is a convenient place to enjoy the sun and do coastal activities. In the vicinity of Po"
11,Fier,"Fier is a city located in southwestern Albania, specifically in the Fier County. It is situated on the Seman River, near the Adriatic Sea coast. Fier is one of the largest cities in Albania and serves as an important economic, cultural, and transportation hub in the region. The city has a rich history, dating back to ancient times when it was known as Apollonia. Apollonia was an important ancient Greek colony and later a Roman city, known for its archaeological remains, including the Apollonia A"
62,Çorovodë,"Çorovoda is a town located in southern Albania, specifically in the Skrapar District within the Berat County. It is situated in a mountainous region along the Osum River, surrounded by rugged terrain and stunning natural landscapes. The town serves as an administrative and economic center for the surrounding area. Agriculture is an important part of the local economy, with farming and livestock breeding being common activities in the region. The fertile lands along the banks of the Osum River su"
47,Rinas (Aeroport) ,"Aeroporti Ndërkombëtar ""Nënë Tereza"" i Tiranës, i njohur ndryshe si Aeroporti i Rinasit, është aeroporti kryesor i Shqipërisë dhe një nga portat më të rëndësishme ajrore në vend. Këtu është një përshkrim i përgjithshëm i Aeroportit të Rinasit: Lokacioni: Aeroporti Ndërkombëtar ""Nënë Tereza"" ndodhet rreth 17 km në perëndim të qytetit të Tiranës, pranë fshatit Rinas. Ky lokacion e bën atë një pikë të përshtatshme hyrëse dhe dalëse për vizitorët dhe udhëtarët. Terminali: Aeroporti ka një terminal p"
31,Ballsh,"Ballshi is located in the southwestern area of Albania in Mallakastër along the Fier-Gjirokastër national road. Ballshi itself as a city is relatively new, established about 35 years ago as a result of the industrialization of the area and the establishment of the Oil Refinery. What is special is the fact that the city of Ballshi is the only one that includes all the surroundings in the territory of Mallakastra. Its location at the foot of the hills crossed by two rivers Gjanica and Vjosa gives "
101,Rrëshen,
78,Rrogozhinë,
90,Rubik,"Rubiku , një qytezë që mund ta shikosh sa kalon urën e Milotit dhe futesh në luginën e Fanit. Rubiku ndodhet në qendër të Shqipërisë, rreth 60 kilometra në veri-lindje të Tiranës. Qyteti është i aksesueshëm nga rrugët kryesore dhe ka lidhje me qytetet dhe zonat tjera të vendit. Rubiku ka një ekonomi që përfshin sektorin bujqësor dhe aktivitete të tjera ekonomike. Tokat bujqësore dhe kultivimi i prodhimeve ushqimore luajnë një rol të rëndësishëm në jetën ekonomike të kësaj zone. Përreth Rubikut k"
111,Velipojë,"Velipoja është një stacion bregdetar dhe një plazh në verilindje të Shqipërisë, në bregdetin e Detit Adriatik. Këtu është një përshkrim i përgjithshëm i Velipojës: Plazhi i Velipojës: Plazhi i Velipojës është një prej plazheve më të njohura dhe të vizituara në Shqipëri. Me rreth 3.5 kilometra gjatësi, ky plazh ofron rërë të febrë, ujë të pastër deti, dhe një pamje të bukur të Detit Adriatik. Akomodimi dhe Turizmi: Zona e Velipojës ka një infrastrukturë të zhvilluar turistike me hotele, kampinge,"
53,Klos,"Klos is a town located in central Albania, specifically in the Mat District within the Dibër County. It is situated in a mountainous region, surrounded by the stunning landscapes of the Albanian Alps. Klos is known for its natural beauty and outdoor recreational opportunities. The surrounding mountains offer opportunities for hiking, mountain biking, and camping, with breathtaking views of the rugged terrain and pristine wilderness. In addition to its natural attractions, Klos has a rich cultura"
12,Bulqizë,"Bulqizë is a town located in northeastern Albania, in the Dibër County. It is situated in a mountainous region known for its mineral resources, particularly chromium. Bulqizë is one of the main centers of chromium mining and processing in Albania. The town's economy is heavily reliant on the chromium industry, with mining operations and related businesses playing a significant role in the local economy. Chromium ore is extracted from mines in the surrounding area and processed in facilities loca"
80,Himarë,"Himarë is a coastal town located in the Vlorë County of southern Albania. It is situated along the Albanian Riviera, known for its stunning beaches, crystal-clear waters, and picturesque landscapes. Himarë is a popular tourist destination, attracting visitors from both within Albania and abroad, especially during the summer months. The town is characterized by its charming seaside promenade, lined with restaurants, cafes, and bars offering delicious seafood dishes and refreshing drinks. Himarë's"
21,Kavajë,"Kavajë is a town located in western Albania, specifically in the Tirana County. It is situated southwest of the capital city, Tirana, and is considered part of the greater Tirana metropolitan area. Kavajë serves as an important administrative, economic, and cultural center for the surrounding region. The town has a rich history, dating back to ancient times when it was known as Claudiana. Throughout its history, Kavajë has been influenced by various civilizations, including the Romans, Byzantine"
76,Këlcyrë,"Këlcyra is a small town located in southern Albania, specifically in the Gjirokastër County. It is situated in a picturesque valley along the Vjosë River, surrounded by mountains. Këlcyra is known for its natural beauty, rural charm, and cultural heritage. The town serves as an administrative and economic center for the surrounding area, which is primarily rural and agricultural. Agriculture, particularly farming is the main source of income for many residents of Këlcyra and the surrounding vill"
93,Konispol,"Konispol is a town located in southern Albania, specifically in the Sarandë District within the Vlorë County. It is situated near the border with Greece, approximately 5 kilometers northwest of the city of Sarandë. Konispol is known for its strategic location, rich history, and cultural heritage. The town has a long history dating back to ancient times, with archaeological evidence indicating human habitation in the area since ancient Greek and Roman times. Konispol has been influenced by variou"
58,Dropull,"Dropull is a region located in southern Albania, specifically in the Gjirokastër County. The region is situated in a mountainous area near the border with Greece. Dropull is known for its picturesque landscapes, with rugged mountains, lush forests, and fertile valleys. The region has a rich agricultural heritage, with farming and livestock breeding being important economic activities. The fertile soil supports the cultivation of crops such as wheat, corn, vegetables, and fruits, as well as the p"
22,Ersekë,"Ersekë is a town located in southeastern Albania, specifically in the Korçë County. It is situated in a mountainous region near the border with Greece, approximately 30 kilometers northeast of the city of Korçë. Ersekë is one of the highest towns in Albania, nestled in the picturesque landscape of the Gramos Mountains. The town serves as an administrative and economic center for the surrounding area. Agriculture is an important part of the local economy, with farming and livestock breeding being"
109,Finiq,"Finiq is a small town located in southern Albania, specifically in the Sarandë District within the Vlorë County. It is situated in a picturesque area near the Ionian Sea coast, approximately 10 kilometers northeast of the city of Sarandë. Finiq is known for its historical significance, as it was an important ancient settlement. Archaeological excavations in the area have uncovered remains dating back to ancient times, including a well-preserved ancient theater and other ruins. Today, Finiq is a "
19,Gramsh,"Gramsh is a town located in central Albania, specifically in the Elbasan County. It is situated in the valley of the Devoll River, surrounded by hills and mountains. Gramsh serves as an administrative and economic center for the surrounding area. Gramsh is known for its agricultural activity, with farming and livestock breeding being important economic activities in the region. The fertile lands in the valley support the cultivation of crops such as wheat, corn, and vegetables. Gramsh also has s"
50,Kamëz,"Kamëz is a municipality in the Tirana County of central Albania. It is located just northeast of Tirana, the capital city, and is considered part of the greater Tirana metropolitan area. Kamëz has experienced significant urban development in recent years, with the expansion of residential areas and the establishment of commercial and industrial zones. The municipality of Kamëz encompasses several neighborhoods and villages, with a diverse population engaged in various economic activities. While "
60,Libohovë,
56,Krumë,
25,Kukës,"Kukës is a city located in northeastern Albania, specifically in the Kukës County. It is situated near the border with Kosovo, approximately 30 kilometers south of the border with Kosovo. Kukës is known for its stunning natural beauty, strategic location, and historical significance. The city is nestled in a valley along the Drin River, surrounded by rugged mountains, making it a picturesque destination for visitors. The Drin River Canyon, one of the longest and deepest canyons in Europe, is loc"
26,Laç,"Laç is a town located in central Albania, specifically in the Lezhë County. It is situated in the northern part of the country, approximately 38 kilometers northeast of the city of Tirana, the capital of Albania. Laç is known for its industrial activity, agricultural production, and historical significance. The town has a strong industrial presence, with factories and industrial facilities operating in various sectors such as manufacturing, textiles, and construction materials. The industrial zo"
92,Leskovik,
27,Lezhë,"Lezhë is a city located in northwestern Albania, specifically in the Lezhë County. It is situated on the coast of the Adriatic Sea, approximately 50 kilometers north of the capital city, Tirana. Lezhë is one of the oldest cities in Albania and has a rich historical and cultural heritage. One of the most significant historical events associated with Lezhë is the gathering of Albanian princes in 1444, which led to the establishment of the League of Lezhë under the leadership of Skanderbeg. This le"
28,Librazhd,"Librazhd is a town located in southeastern Albania, specifically in the Librazhd District within the Elbasan County. It is situated in a picturesque valley along the banks of the Devoll River, surrounded by mountains. The town serves as an administrative and economic center for the surrounding area. Agriculture is a significant part of the local economy, with the fertile lands in the valley supporting the cultivation of crops such as wheat, corn, and vegetables. Livestock farming is also common "
29,Lushnjë,"Lushnjë is a charming city located in central Albania, known for its rich history and beautiful landscapes. Here are some activities you shouldn't miss during your visit: Karavasta Lagoon: Visit the Karavasta Lagoon, the largest lagoon in Albania and a haven for birdwatchers. Take a boat tour to explore the diverse flora and fauna of this beautiful natural area. Lushnjë City Center: Take a stroll through the city center of Lushnjë and admire its historic architecture, including the Clock Tower a"
65,Patos,"Patos is a town located in southwestern Albania, specifically in the Fier County. It is situated in the Myzeqe region, approximately 10 kilometers southeast of the city of Fier. Patos is known for its industrial activity, historical significance, and cultural heritage. One of the most significant features of Patos is the presence of the Patos-Marinza oil field, one of the largest onshore oil fields in Europe. The oil industry has been a major economic driver in the region for decades, with oil e"
34,Peqin,"Peqin is a town located in central Albania, specifically in the Elbasan County. It is situated in the Myzeqe region, approximately 20 kilometers southeast of the city of Elbasan and about 80 kilometers southeast of the capital city, Tirana. Peqin is known for its agricultural activity, historical significance, and cultural heritage. Agriculture is the primary economic activity in Peqin and the surrounding area. The fertile plains of the Myzeqe region support the cultivation of crops such as whea"
35,Përmet,"Përmet is a town located in southern Albania, specifically in the Gjirokastër County. It is situated in the valley of the Vjosë River, surrounded by stunning mountain scenery. Përmet is known for its natural beauty, thermal springs, and cultural heritage. One of the most notable features of Përmet is its thermal springs, which are believed to have therapeutic properties. The town is famous for its traditional Ottoman-era baths, where visitors can relax and enjoy the healing waters. The thermal b"
49,Peshkopi,"Peshkopia, located in northeastern Albania, is known for its scenic beauty and cultural heritage, making it an attractive destination for tourists. Here are some highlights and attractions in and around Peshkopia: The spas of Peshkopia are a national asset of Albania. They originate from the the limestone formation of Mount Korab and are two sulphurous springs with a temperature between 35°C and 43.5°C, with a flow of 14 liters per second. These spas contain potassium and sulfates. Korab Mountai"
103,Poliçan,"Polican is a town located in southern Albania, specifically in the Skrapar District, within the Berat County. While it might not be as well-known as some other tourist destinations in Albania, Polican offers several attractions and activities for visitors: 1. ""Bunker Tours"": Polican is known for its extensive network of bunkers, which were built during the communist era under the leadership of Enver Hoxha. Some tour operators offer guided tours of these bunkers, providing insight into Albania's "
42,Bajram Curri,"Bajram Curri is a city located in the northern part of Albania, in the district of Tropoja. It is located in a picturesque mountainous region near the border with Kosovo and Montenegro. The city is named after Bajram Curri, an Albanian nationalist figure who played an important role in the country's independence movement during the late 19th and early 20th centuries. Bajram Curri is surrounded by stunning natural scenery, including rugged mountains, lush forests and pristine rivers. It serves as"
98,Belsh,"Belsh is a town located in central Albania, specifically in the Elbasan County. It is situated in the Myzeqe region, known for its fertile plains and agricultural activities. Belsh is a relatively small town with a population primarily engaged in agriculture, particularly in the cultivation of crops such as wheat, corn, and vegetables. The town of Belsh itself offers basic amenities and services to its residents, including schools, healthcare facilities, and shops. It has a quiet and relaxed atm"
82,Koplik,"Koplik is a town located in northern Albania, specifically in the Malësi e Madhe District within the Shkodër County. It is situated near the border with Montenegro, approximately 12 kilometers northwest of the city of Shkodër. Koplik is known for its strategic location, rich history, and natural beauty. The town has a long history dating back to ancient times, with archaeological evidence indicating human habitation in the area since ancient Illyrian and Roman times. Koplik has been influenced b"
74,Bilisht,"Bilisht is a town located in southeastern Albania, near the border with Greece. It is the administrative center of the Devoll Municipality, within the Korçë County. Bilisht is situated in a picturesque mountainous region, surrounded by the Gramoz and Gora mountains. The town has a relatively small population and serves as an important economic and cultural center for the surrounding area. Agriculture, particularly livestock farming and dairy production, is a significant part of the local economy"
88,Orikum,"Orikum is a coastal town located in southwestern Albania, specifically in the Vlorë County. It is situated on the shores of the Adriatic Sea, approximately 10 kilometers southwest of the city of Vlorë. Orikum is known for its beautiful beaches, scenic landscapes, and historical significance. The town of Orikum is nestled between the Adriatic Sea offering stunning views and a mild Mediterranean climate. The beaches in and around Orikum are popular destinations for sunbathing, swimming, and water "
97,Prrenjas,
107,Vorë,
66,Burrel,"Burreli is a city located in the north of Albania, specifically in the district of Mati in the district of Dibra. It is located in a mountainous region, surrounded by the picturesque landscape of the Dibra Highlands. Burreli serves as an administrative and economic center for the surrounding area. Historically, Burreli has been known for its strategic importance due to its location along important trade routes connecting Northern Albania with Kosovo and Montenegro. Today, the city's economy is l"
67,Cërrik,"Cërrik is a town in central Albania, located in the Elbasan County. It is situated about 11 kilometers southwest of the city of Elbasan, in the Myzeqe region. Cërrik is known for its industrial activity, particularly in the textile and manufacturing sectors. The town's economy is centered around various industries, including textiles, footwear, and construction materials. Cërrik has a long history of textile production, with several factories and workshops operating in the area. In addition to i"
81,Delvina,"Delvinë is a town located in southern Albania, specifically in the Vlorë County. It is situated near the border with Greece, approximately 15 kilometers northeast of the city of Sarandë. Delvinë is known for its agricultural activity, particularly in olive cultivation and olive oil production. The town's economy is centered around agriculture, with olives being the primary crop grown in the region. Olive oil production is a significant part of the local economy, with several olive oil mills oper"
54,Fushe Krujë,
24,Kuçovë,"Kuçovë is a town located in central Albania, specifically in the Berat County. It is situated in the Myzeqe region, approximately 37 kilometers southeast of the city of Berat. Kuçovë is known for its industrial activity, historical significance, and strategic location. One of the most notable features of Kuçovë is the presence of the Kuçovë Oil Field, one of the largest oil fields in Albania. The oil industry has been a major economic driver in the region for decades, with oil extraction and ref"
30,Manëz,
43,Vlorë,"Vlorë is a beautiful coastal city in Albania, offering a mix of stunning beaches, rich history, and natural wonders. Here's a list of sights and activities you should consider during your visit: Independence Monument : Start your visit by exploring the Independence Monument, which commemorates Albania's declaration of independence from the Ottoman Empire in 1912. The monument offers great views of the city and the sea. Muradie Mosque : Visit the Muradie Mosque, one of the oldest mosques in Alban"
75,Roskovec,
71,Mamurrasi,
77,Memaliaj,
33,Mirditë,
91,Milot,
73,Selenicë,
83,Maliq,
37,Pukë,"Pukë is a town located in northern Albania, specifically in the Pukë District within the Shkodër County. Pukë offers several attractions and activities for visitors: 1. ""Grunas Waterfall"": This spectacular waterfall is located near Pukë and is a popular destination for nature lovers and photographers. The waterfall is surrounded by lush forest, making it a serene and picturesque spot to visit. 2. ""Local Cuisine"": Visitors to Pukë can sample traditional Albanian cuisine in local restaurants and c"
89,Shëngjin,"Shengjin is a coastal town in northern Albania, known for its beautiful beaches and as a popular tourist destination. There are several beautiful beaches in the Shengjin area, known for their white sand and clear waters. In Shengjin you can also find restaurants, cafeterias and hotels that offer high-quality accommodation. Moreover, Shengjin is a suitable destination to enjoy traditional Albanian cuisine and to explore the country's culture. Beaches and Coast : Shengjin Beach is one of the most "
41,Tepelenë,"Tepelenë is a historic town nestled in the scenic landscape of southern Albania, offering a blend of cultural heritage, natural beauty, and outdoor activities. Here's a list of sights and activities you should consider during your visit: 1. Ali Pasha Castle : Explore the ruins of Ali Pasha Castle, perched on a hill overlooking the town. This 18th-century fortress offers panoramic views of the surrounding mountains and the Vjosa River valley. 2. Tepelenë Ethnographic Museum : Learn about the hist"
51,Shijak,
79,Ura Vajgurore,
105,Vau i Dejës,
46,Fushë Arrëz,"Fushë-Arrëz is a municipality located in northern Albania, specifically in the Shkodër County. It is situated in a mountainous region. Fushë-Arrëz is known for its stunning natural landscapes, rugged terrain, and pristine wilderness areas. The municipality includes several villages scattered throughout the mountains, with agriculture and livestock farming being the primary economic activities. The fertile valleys support the cultivation of crops such as wheat, corn, and potatoes, while livestock"
113,Sukth,
